x y z
-3.2 -3.2 0
-3.1 -3.2 0
-3 -3.2 2.836633171e-18
-2.9 -3.2 6.400288648e-18
-2.8 -3.2 9.62263448e-18
-2.7 -3.2 1.268163757e-17
-2.6 -3.2 1.591687379e-17
-2.5 -3.2 1.972612843e-17
-2.4 -3.2 2.368576417e-17
-2.3 -3.2 2.805132791e-17
-2.2 -3.2 3.296424968e-17
-2.1 -3.2 3.814674051e-17
-2 -3.2 4.343604897e-17
-1.9 -3.2 4.879687965e-17
-1.8 -3.2 5.418581246e-17
-1.7 -3.2 5.957634394e-17
-1.6 -3.2 6.521783419e-17
-1.5 -3.2 7.117173553e-17
-1.4 -3.2 7.730368192e-17
-1.3 -3.2 8.370961976e-17
-1.2 -3.2 9.039910242e-17
-1.1 -3.2 9.687384422e-17
-1 -3.2 1.032230236e-16
-0.9 -3.2 1.089934502e-16
-0.8 -3.2 1.139284373e-16
-0.7 -3.2 1.177594108e-16
-0.6 -3.2 1.208839133e-16
-0.5 -3.2 1.253330183e-16
-0.4 -3.2 1.40797597e-16
-0.3 -3.2 2.084058343e-16
-0.2 -3.2 4.845130151e-16
-0.1 -3.2 1.502404911e-15
0 -3.2 4.881232775e-15
0.1 -3.2 1.498118309e-14
0.2 -3.2 4.214568285e-14
0.3 -3.2 1.077843637e-13
0.4 -3.2 2.499763022e-13
0.5 -3.2 5.253191749e-13
0.6 -3.2 9.999457716e-13
0.7 -3.2 1.72375069e-12
0.8 -3.2 2.690666387e-12
0.9 -3.2 3.802663297e-12
1 -3.2 4.865429676e-12
1.1 -3.2 5.635439432e-12
1.2 -3.2 5.908531626e-12
1.3 -3.2 5.607274431e-12
1.4 -3.2 4.816400748e-12
1.5 -3.2 3.744316419e-12
1.6 -3.2 2.634415649e-12
1.7 -3.2 1.67742263e-12
1.8 -3.2 9.665703611e-13
1.9 -3.2 5.040167732e-13
2 -3.2 2.378295448e-13
2.1 -3.2 1.015511483e-13
2.2 -3.2 3.923627528e-14
2.3 -3.2 1.371646452e-14
2.4 -3.2 4.33750252e-15
2.5 -3.2 1.239390783e-15
2.6 -3.2 3.181520932e-16
2.7 -3.2 7.081633309e-17
2.8 -3.2 1.063077272e-17
2.9 -3.2 0
3 -3.2 0
3.1 -3.2 0
3.2 -3.2 0

-3.2 -3.1 0
-3.1 -3.1 5.097446426e-18
-3 -3.1 1.237143445e-17
-2.9 -3.1 1.910483724e-17
-2.8 -3.1 2.594581436e-17
-2.7 -3.1 3.337130355e-17
-2.6 -3.1 4.151672137e-17
-2.5 -3.1 5.035774685e-17
-2.4 -3.1 5.970315122e-17
-2.3 -3.1 6.970090484e-17
-2.2 -3.1 8.005846474e-17
-2.1 -3.1 9.027214973e-17
-2 -3.1 9.995207906e-17
-1.9 -3.1 1.091793616e-16
-1.8 -3.1 1.185501995e-16
-1.7 -3.1 1.287215313e-16
-1.6 -3.1 1.400978203e-16
-1.5 -3.1 1.527986887e-16
-1.4 -3.1 1.668828504e-16
-1.3 -3.1 1.818521422e-16
-1.2 -3.1 1.970941149e-16
-1.1 -3.1 2.119312886e-16
-1 -3.1 2.256016116e-16
-0.9 -3.1 2.374901182e-16
-0.8 -3.1 2.472310607e-16
-0.7 -3.1 2.556180339e-16
-0.6 -3.1 2.656976556e-16
-0.5 -3.1 2.93196111e-16
-0.4 -3.1 4.099676558e-16
-0.3 -3.1 9.198694355e-16
-0.2 -3.1 2.973089418e-15
-0.1 -3.1 1.046917402e-14
0 -3.1 3.519061059e-14
0.1 -3.1 1.087240994e-13
0.2 -3.1 3.056938047e-13
0.3 -3.1 7.799771431e-13
0.4 -3.1 1.804239475e-12
0.5 -3.1 3.782146477e-12
0.6 -3.1 7.182983625e-12
0.7 -3.1 1.23570389e-11
0.8 -3.1 1.92532057e-11
0.9 -3.1 2.716544006e-11
1 -3.1 3.470633513e-11
1.1 -3.1 4.014562752e-11
1.2 -3.1 4.204064269e-11
1.3 -3.1 3.985386106e-11
1.4 -3.1 3.419900468e-11
1.5 -3.1 2.656279788e-11
1.6 -3.1 1.867366542e-11
1.7 -3.1 1.188122946e-11
1.8 -3.1 6.841513131e-12
1.9 -3.1 3.565224786e-12
2 -3.1 1.681328659e-12
2.1 -3.1 7.175270503e-13
2.2 -3.1 2.770991784e-13
2.3 -3.1 9.68362347e-14
2.4 -3.1 3.062267418e-14
2.5 -3.1 8.762547431e-15
2.6 -3.1 2.26770247e-15
2.7 -3.1 5.272910031e-16
2.8 -3.1 1.034443875e-16
2.9 -3.1 1.024251451e-17
3 -3.1 0
3.1 -3.1 0
3.2 -3.1 0

-3.2 -3 8.121061422e-19
-3.1 -3 9.259286028e-18
-3 -3 1.90143357e-17
-2.9 -3 2.93880527e-17
-2.8 -3 4.088259846e-17
-2.7 -3 5.362022623e-17
-2.6 -3 6.693986824e-17
-2.5 -3 8.099827282e-17
-2.4 -3 9.577171236e-17
-2.3 -3 1.108162559e-16
-2.2 -3 1.246205315e-16
-2.1 -3 1.365303508e-16
-2 -3 1.479675845e-16
-1.9 -3 1.603492855e-16
-1.8 -3 1.749602309e-16
-1.7 -3 1.932554096e-16
-1.6 -3 2.144637907e-16
-1.5 -3 2.374899119e-16
-1.4 -3 2.622327865e-16
-1.3 -3 2.869288644e-16
-1.2 -3 3.096422684e-16
-1.1 -3 3.294264963e-16
-1 -3 3.45642554e-16
-0.9 -3 3.586411659e-16
-0.8 -3 3.697000108e-16
-0.7 -3 3.841586513e-16
-0.6 -3 4.230836729e-16
-0.5 -3 5.90346351e-16
-0.4 -3 1.368415835e-15
-0.3 -3 4.782897276e-15
-0.2 -3 1.846857817e-14
-0.1 -3 6.81893493e-14
0 -3 2.314721655e-13
0.1 -3 7.153559322e-13
0.2 -3 2.007251251e-12
0.3 -3 5.108827965e-12
0.4 -3 1.178903847e-11
0.5 -3 2.46570913e-11
0.6 -3 4.673165058e-11
0.7 -3 8.024224419e-11
0.8 -3 1.248092206e-10
0.9 -3 1.758249041e-10
1 -3 2.24310951e-10
1.1 -3 2.591252847e-10
1.2 -3 2.710296869e-10
1.3 -3 2.566463714e-10
1.4 -3 2.200048763e-10
1.5 -3 1.707182187e-10
1.6 -3 1.199092249e-10
1.7 -3 7.623039643e-11
1.8 -3 4.386184716e-11
1.9 -3 2.28408073e-11
2 -3 1.076431904e-11
2.1 -3 4.590913512e-12
2.2 -3 1.771896358e-12
2.3 -3 6.188663161e-13
2.4 -3 1.956026066e-13
2.5 -3 5.594891624e-14
2.6 -3 1.448629049e-14
2.7 -3 3.397246202e-15
2.8 -3 7.169594918e-16
2.9 -3 1.2612079e-16
3 -3 9.625432261e-18
3.1 -3 0
3.2 -3 0

-3.2 -2.9 1.903460807e-18
-3.1 -2.9 1.214169977e-17
-3 -2.9 2.461703021e-17
-2.9 -2.9 3.911584507e-17
-2.8 -2.9 5.519395432e-17
-2.7 -2.9 7.22766931e-17
-2.6 -2.9 9.017548766e-17
-2.5 -2.9 1.090224777e-16
-2.4 -2.9 1.278614948e-16
-2.3 -2.9 1.440594682e-16
-2.2 -2.9 1.570933021e-16
-2.1 -2.9 1.697307242e-16
-2 -2.9 1.859850613e-16
-1.9 -2.9 2.072983782e-16
-1.8 -2.9 2.339805584e-16
-1.7 -2.9 2.641005077e-16
-1.6 -2.9 2.963295076e-16
-1.5 -2.9 3.292871533e-16
-1.4 -2.9 3.603178245e-16
-1.3 -2.9 3.871738355e-16
-1.2 -2.9 4.084606234e-16
-1.1 -2.9 4.242556909e-16
-1 -2.9 4.359913891e-16
-0.9 -2.9 4.468007698e-16
-0.8 -2.9 4.635449644e-16
-0.7 -2.9 5.10722961e-16
-0.6 -2.9 7.137361573e-16
-0.5 -2.9 1.709029006e-15
-0.4 -2.9 6.446317791e-15
-0.3 -2.9 2.722588781e-14
-0.2 -2.9 1.101468487e-13
-0.1 -2.9 4.099461374e-13
0 -2.9 1.390072746e-12
0.1 -2.9 4.282886835e-12
0.2 -2.9 1.197808349e-11
0.3 -2.9 3.039163364e-11
0.4 -2.9 6.993131207e-11
0.5 -2.9 1.458844654e-10
0.6 -2.9 2.758394422e-10
0.7 -2.9 4.726282369e-10
0.8 -2.9 7.336985398e-10
0.9 -2.9 1.03176209e-09
1 -2.9 1.314145728e-09
1.1 -2.9 1.515846668e-09
1.2 -2.9 1.583314167e-09
1.3 -2.9 1.497397073e-09
1.4 -2.9 1.28211758e-09
1.5 -2.9 9.938183155e-10
1.6 -2.9 6.973414645e-10
1.7 -2.9 4.429123442e-10
1.8 -2.9 2.546251568e-10
1.9 -2.9 1.324878775e-10
2 -2.9 6.239140105e-11
2.1 -2.9 2.659081945e-11
2.2 -2.9 1.025613661e-11
2.3 -2.9 3.579892535e-12
2.4 -2.9 1.13079238e-12
2.5 -2.9 3.232378156e-13
2.6 -2.9 8.361985718e-14
2.7 -2.9 1.958405725e-14
2.8 -2.9 4.155799503e-15
2.9 -2.9 7.931982188e-16
3 -2.9 1.265407534e-16
3.1 -2.9 1.193181186e-17
3.2 -2.9 0

-3.2 -2.8 2.890292708e-18
-3.1 -2.8 1.483997731e-17
-3 -2.8 3.017122917e-17
-2.9 -2.8 4.815405471e-17
-2.8 -2.8 6.801930422e-17
-2.7 -2.8 8.891290764e-17
-2.6 -2.8 1.108842193e-16
-2.5 -2.8 1.326477934e-16
-2.4 -2.8 1.505454251e-16
-2.3 -2.8 1.645931826e-16
-2.2 -2.8 1.791343733e-16
-2.1 -2.8 2.001364347e-16
-2 -2.8 2.294002408e-16
-1.9 -2.8 2.65099518e-16
-1.8 -2.8 3.03772575e-16
-1.7 -2.8 3.431442937e-16
-1.6 -2.8 3.809728554e-16
-1.5 -2.8 4.142531346e-16
-1.4 -2.8 4.400292807e-16
-1.3 -2.8 4.580597929e-16
-1.2 -2.8 4.693762048e-16
-1.1 -2.8 4.771659582e-16
-1 -2.8 4.884833464e-16
-0.9 -2.8 5.102113426e-16
-0.8 -2.8 5.659064187e-16
-0.7 -2.8 7.826385665e-16
-0.6 -2.8 1.865722264e-15
-0.5 -2.8 7.403333739e-15
-0.4 -2.8 3.385951977e-14
-0.3 -2.8 1.493502482e-13
-0.2 -2.8 6.073898158e-13
-0.1 -2.8 2.253814092e-12
0 -2.8 7.608279252e-12
0.1 -2.8 2.333777833e-11
0.2 -2.8 6.500351192e-11
0.3 -2.8 1.643230909e-10
0.4 -2.8 3.768496184e-10
0.5 -2.8 7.837859017e-10
0.6 -2.8 1.47795359e-09
0.7 -2.8 2.526095736e-09
0.8 -2.8 3.91264687e-09
0.9 -2.8 5.49087658e-09
1 -2.8 6.980580737e-09
1.1 -2.8 8.038180598e-09
1.2 -2.8 8.382728259e-09
1.3 -2.8 7.916370557e-09
1.4 -2.8 6.7692e-09
1.5 -2.8 5.240605823e-09
1.6 -2.8 3.673037589e-09
1.7 -2.8 2.330449302e-09
1.8 -2.8 1.338438605e-09
1.9 -2.8 6.957911295e-10
2 -2.8 3.273865119e-10
2.1 -2.8 1.394204169e-10
2.2 -2.8 5.373535087e-11
2.3 -2.8 1.87434006e-11
2.4 -2.8 5.916706242e-12
2.5 -2.8 1.690235425e-12
2.6 -2.8 4.369653424e-13
2.7 -2.8 1.022343283e-13
2.8 -2.8 2.165419828e-14
2.9 -2.8 4.154371398e-15
3 -2.8 7.161763348e-16
3.1 -2.8 1.050132939e-16
3.2 -2.8 1.185583099e-17

-3.2 -2.7 3.938560465e-18
-3.1 -2.7 1.762194404e-17
-3 -2.7 3.534453627e-17
-2.9 -2.7 5.622171115e-17
-2.8 -2.7 7.92850986e-17
-2.7 -2.7 1.037392941e-16
-2.6 -2.7 1.277516401e-16
-2.5 -2.7 1.482897184e-16
-2.4 -2.7 1.632202179e-16
-2.3 -2.7 1.798242253e-16
-2.2 -2.7 2.055053486e-16
-2.1 -2.7 2.423187004e-16
-2 -2.7 2.860204358e-16
-1.9 -2.7 3.318315128e-16
-1.8 -2.7 3.753781655e-16
-1.7 -2.7 4.148762117e-16
-1.6 -2.7 4.478862107e-16
-1.5 -2.7 4.714496161e-16
-1.4 -2.7 4.851351401e-16
-1.3 -2.7 4.914209097e-16
-1.2 -2.7 4.979466646e-16
-1.1 -2.7 5.137159405e-16
-1 -2.7 5.455329983e-16
-0.9 -2.7 6.120342637e-16
-0.8 -2.7 8.214590237e-16
-0.7 -2.7 1.843071515e-15
-0.6 -2.7 7.375534982e-15
-0.5 -2.7 3.593011953e-14
-0.4 -2.7 1.714640787e-13
-0.3 -2.7 7.581843501e-13
-0.2 -2.7 3.067140062e-12
-0.1 -2.7 1.13098148e-11
0 -2.7 3.795355602e-11
0.1 -2.7 1.157987147e-10
0.2 -2.7 3.209963058e-10
0.3 -2.7 8.079699924e-10
0.4 -2.7 1.845806417e-09
0.5 -2.7 3.825619169e-09
0.6 -2.7 7.191114163e-09
0.7 -2.7 1.225587052e-08
0.8 -2.7 1.893377674e-08
0.9 -2.7 2.650825774e-08
1 -2.7 3.362743125e-08
1.1 -2.7 3.86458397e-08
1.2 -2.7 4.022954504e-08
1.3 -2.7 3.792845887e-08
1.4 -2.7 3.238276842e-08
1.5 -2.7 2.503503643e-08
1.6 -2.7 1.752386066e-08
1.7 -2.7 1.110516325e-08
1.8 -2.7 6.370945675e-09
1.9 -2.7 3.308570028e-09
2 -2.7 1.555288596e-09
2.1 -2.7 6.617521458e-10
2.2 -2.7 2.548445655e-10
2.3 -2.7 8.882499256e-11
2.4 -2.7 2.801953567e-11
2.5 -2.7 7.999098258e-12
2.6 -2.7 2.066650757e-12
2.7 -2.7 4.832091383e-13
2.8 -2.7 1.022484475e-13
2.9 -2.7 1.958477531e-14
3 -2.7 3.393526738e-15
3.1 -2.7 5.26764373e-16
3.2 -2.7 7.156883335e-17

-3.2 -2.6 4.994182895e-18
-3.1 -2.6 2.030274451e-17
-3 -2.6 4.011588887e-17
-2.9 -2.6 6.341958026e-17
-2.8 -2.6 8.939384749e-17
-2.7 -2.6 1.15618956e-16
-2.6 -2.6 1.387826084e-16
-2.5 -2.6 1.564272636e-16
-2.4 -2.6 1.746861818e-16
-2.3 -2.6 2.043017299e-16
-2.2 -2.6 2.46756522e-16
-2.1 -2.6 2.9611755e-16
-2 -2.6 3.452277576e-16
-1.9 -2.6 3.906956303e-16
-1.8 -2.6 4.316909922e-16
-1.7 -2.6 4.63559769e-16
-1.6 -2.6 4.842673314e-16
-1.5 -2.6 4.938833303e-16
-1.4 -2.6 4.986485572e-16
-1.3 -2.6 5.088516161e-16
-1.2 -2.6 5.338915846e-16
-1.1 -2.6 5.81370423e-16
-1 -2.6 6.590913921e-16
-0.9 -2.6 8.519509004e-16
-0.8 -2.6 1.720070569e-15
-0.7 -2.6 6.567081088e-15
-0.6 -2.6 3.315579122e-14
-0.5 -2.6 1.689033788e-13
-0.4 -2.6 8.054449328e-13
-0.3 -2.6 3.531930005e-12
-0.2 -2.6 1.41639886e-11
-0.1 -2.6 5.181747056e-11
0 -2.6 1.726745991e-10
0.1 -2.6 5.235727108e-10
0.2 -2.6 1.44332555e-09
0.3 -2.6 3.614957967e-09
0.4 -2.6 8.221613255e-09
0.5 -2.6 1.697175808e-08
0.6 -2.6 3.17865634e-08
0.7 -2.6 5.399608391e-08
0.8 -2.6 8.316826451e-08
0.9 -2.6 1.161237198e-07
1 -2.6 1.469458479e-07
1.1 -2.6 1.684937473e-07
1.2 -2.6 1.75036061e-07
1.3 -2.6 1.647117237e-07
1.4 -2.6 1.403842282e-07
1.5 -2.6 1.083575516e-07
1.6 -2.6 7.573613783e-08
1.7 -2.6 4.79304368e-08
1.8 -2.6 2.746309847e-08
1.9 -2.6 1.424581245e-08
2 -2.6 6.689560643e-09
2.1 -2.6 2.843524106e-09
2.2 -2.6 1.094067749e-09
2.3 -2.6 3.810140699e-10
2.4 -2.6 1.200966926e-10
2.5 -2.6 3.426100503e-11
2.6 -2.6 8.845780721e-12
2.7 -2.6 2.066952449e-12
2.8 -2.6 4.370980952e-13
2.9 -2.6 8.365365924e-14
3 -2.6 1.448754437e-14
3.1 -2.6 2.266239595e-15
3.2 -2.6 3.185427989e-16

-3.2 -2.5 6.050999387e-18
-3.1 -2.5 2.286510428e-17
-3 -2.5 4.46901789e-17
-2.9 -2.5 7.046399801e-17
-2.8 -2.5 9.815705645e-17
-2.7 -2.5 1.238807366e-16
-2.6 -2.5 1.44562663e-16
-2.5 -2.5 1.652834552e-16
-2.4 -2.5 1.958938569e-16
-2.3 -2.5 2.413060641e-16
-2.2 -2.5 2.938537777e-16
-2.1 -2.5 3.454430606e-16
-2 -2.5 3.930981158e-16
-1.9 -2.5 4.336925481e-16
-1.8 -2.5 4.661002644e-16
-1.7 -2.5 4.855935488e-16
-1.6 -2.5 4.945757617e-16
-1.5 -2.5 5.009709401e-16
-1.4 -2.5 5.181421036e-16
-1.3 -2.5 5.55716496e-16
-1.2 -2.5 6.187992257e-16
-1.1 -2.5 7.094136972e-16
-1 -2.5 8.936939955e-16
-0.9 -2.5 1.619935246e-15
-0.8 -2.5 5.552174232e-15
-0.7 -2.5 2.762130273e-14
-0.6 -2.5 1.46149302e-13
-0.5 -2.5 7.3999381e-13
-0.4 -2.5 3.482923385e-12
-0.3 -2.5 1.508634953e-11
-0.2 -2.5 5.985773121e-11
-0.1 -2.5 2.169626073e-10
0 -2.5 7.171486309e-10
0.1 -2.5 2.158934032e-09
0.2 -2.5 5.913600057e-09
0.3 -2.5 1.472683374e-08
0.4 -2.5 3.332230663e-08
0.5 -2.5 6.846960272e-08
0.6 -2.5 1.277032004e-07
0.7 -2.5 2.161122314e-07
0.8 -2.5 3.317309159e-07
0.9 -2.5 4.617386044e-07
1 -2.5 5.826406573e-07
1.1 -2.5 6.663527156e-07
1.2 -2.5 6.905935089e-07
1.3 -2.5 6.48458234e-07
1.4 -2.5 5.515917353e-07
1.5 -2.5 4.249837994e-07
1.6 -2.5 2.965481476e-07
1.7 -2.5 1.873878639e-07
1.8 -2.5 1.072189256e-07
1.9 -2.5 5.55456526e-08
2 -2.5 2.605230993e-08
2.1 -2.5 1.106196825e-08
2.2 -2.5 4.251911526e-09
2.3 -2.5 1.479381258e-09
2.4 -2.5 4.659089367e-10
2.5 -2.5 1.328098268e-10
2.6 -2.5 3.426517078e-11
2.7 -2.5 8.001228211e-12
2.8 -2.5 1.690955923e-12
2.9 -2.5 3.23425566e-13
3 -2.5 5.59840734e-14
3.1 -2.5 8.765983649e-15
3.2 -2.5 1.239666782e-15

-3.2 -2.4 7.089771692e-18
-3.1 -2.4 2.533272959e-17
-3 -2.4 4.917977049e-17
-2.9 -2.4 7.685946127e-17
-2.8 -2.4 1.048318464e-16
-2.7 -2.4 1.291316107e-16
-2.6 -2.4 1.516322154e-16
-2.5 -2.4 1.817377952e-16
-2.4 -2.4 2.261146066e-16
-2.3 -2.4 2.80417157e-16
-2.2 -2.4 3.344769386e-16
-2.1 -2.4 3.836916683e-16
-2 -2.4 4.263785233e-16
-1.9 -2.4 4.594107641e-16
-1.8 -2.4 4.80234658e-16
-1.7 -2.4 4.910844139e-16
-1.6 -2.4 5.006888088e-16
-1.5 -2.4 5.255313317e-16
-1.4 -2.4 5.757430008e-16
-1.3 -2.4 6.516048633e-16
-1.2 -2.4 7.587221505e-16
-1.1 -2.4 9.639931997e-16
-1 -2.4 1.66383224e-15
-0.9 -2.4 4.976160979e-15
-0.8 -2.4 2.247069319e-14
-0.7 -2.4 1.164555533e-13
-0.6 -2.4 6.053475956e-13
-0.5 -2.4 2.999060096e-12
-0.4 -2.4 1.386113083e-11
-0.3 -2.4 5.915165379e-11
-0.2 -2.4 2.317797593e-10
-0.1 -2.4 8.311569558e-10
0 -2.4 2.72172977e-09
0.1 -2.4 8.1262821e-09
0.2 -2.4 2.209628637e-08
0.3 -2.4 5.466757662e-08
0.4 -2.4 1.229703638e-07
0.5 -2.4 2.513406455e-07
0.6 -2.4 4.665411799e-07
0.7 -2.4 7.861197565e-07
0.8 -2.4 1.20196625e-06
0.9 -2.4 1.667079286e-06
1 -2.4 2.096789673e-06
1.1 -2.4 2.39099193e-06
1.2 -2.4 2.471322752e-06
1.3 -2.4 2.31485634e-06
1.4 -2.4 1.964658175e-06
1.5 -2.4 1.510609619e-06
1.6 -2.4 1.052110463e-06
1.7 -2.4 6.636858237e-07
1.8 -2.4 3.791490819e-07
1.9 -2.4 1.961386123e-07
2 -2.4 9.187254822e-08
2.1 -2.4 3.896242878e-08
2.2 -2.4 1.495944583e-08
2.3 -2.4 5.199589391e-09
2.4 -2.4 1.636003917e-09
2.5 -2.4 4.659524625e-10
2.6 -2.4 1.201222311e-10
2.7 -2.4 2.802943434e-11
2.8 -2.4 5.919724293e-12
2.9 -2.4 1.131553244e-12
3 -2.4 1.957603044e-13
3.1 -2.4 3.064714797e-14
3.2 -2.4 4.339797781e-15

-3.2 -2.3 8.084249582e-18
-3.1 -2.3 2.791543878e-17
-3 -2.3 5.351993142e-17
-2.9 -2.3 8.237410212e-17
-2.8 -2.3 1.098782436e-16
-2.7 -2.3 1.352192435e-16
-2.6 -2.3 1.648406997e-16
-2.5 -2.3 2.061229798e-16
-2.4 -2.3 2.57700299e-16
-2.3 -2.3 3.13163152e-16
-2.2 -2.3 3.646674434e-16
-2.1 -2.3 4.104474738e-16
-2 -2.3 4.463443707e-16
-1.9 -2.3 4.690077289e-16
-1.8 -2.3 4.822119832e-16
-1.7 -2.3 4.974145939e-16
-1.6 -2.3 5.309483471e-16
-1.5 -2.3 5.924204063e-16
-1.4 -2.3 6.825331534e-16
-1.3 -2.3 8.160368472e-16
-1.2 -2.3 1.095496504e-15
-1.1 -2.3 1.972450599e-15
-1 -2.3 5.376085526e-15
-0.9 -2.3 2.04597864e-14
-0.8 -2.3 9.403765979e-14
-0.7 -2.3 4.675620012e-13
-0.6 -2.3 2.337599361e-12
-0.5 -2.3 1.124781981e-11
-0.4 -2.3 5.085049357e-11
-0.3 -2.3 2.132374634e-10
-0.2 -2.3 8.235399744e-10
-0.1 -2.3 2.916969536e-09
0 -2.3 9.450030169e-09
0.1 -2.3 2.794961184e-08
0.2 -2.3 7.536298309e-08
0.3 -2.3 1.850599089e-07
0.4 -2.3 4.13486851e-07
0.5 -2.3 8.400299965e-07
0.6 -2.3 1.550778459e-06
0.7 -2.3 2.600180786e-06
0.8 -2.3 3.957895761e-06
0.9 -2.3 5.467214157e-06
1 -2.3 6.851160086e-06
1.1 -2.3 7.786314689e-06
1.2 -2.3 8.023402661e-06
1.3 -2.3 7.494563202e-06
1.4 -2.3 6.344669202e-06
1.5 -2.3 4.867101362e-06
1.6 -2.3 3.382697194e-06
1.7 -2.3 2.129744089e-06
1.8 -2.3 1.21453565e-06
1.9 -2.3 6.272845395e-07
2 -2.3 2.933921879e-07
2.1 -2.3 1.242581766e-07
2.2 -2.3 4.764977141e-08
2.3 -2.3 1.654347301e-08
2.4 -2.3 5.199917272e-09
2.5 -2.3 1.479608517e-09
2.6 -2.3 3.811160211e-10
2.7 -2.3 8.8860609e-11
2.8 -2.3 1.875370183e-11
2.9 -2.3 3.582423317e-12
3 -2.3 6.193955117e-13
3.1 -2.3 9.692554029e-14
3.2 -2.3 1.372549853e-14

-3.2 -2.2 9.191956827e-18
-3.1 -2.2 3.035872624e-17
-3 -2.2 5.73155242e-17
-2.9 -2.2 8.661571749e-17
-2.8 -2.2 1.146938184e-16
-2.7 -2.2 1.441661982e-16
-2.6 -2.2 1.816660403e-16
-2.5 -2.2 2.30964247e-16
-2.4 -2.2 2.851695149e-16
-2.3 -2.2 3.389148765e-16
-2.2 -2.2 3.874684068e-16
-2.1 -2.2 4.269802239e-16
-2 -2.2 4.537798281e-16
-1.9 -2.2 4.706088988e-16
-1.8 -2.2 4.901908276e-16
-1.7 -2.2 5.301085354e-16
-1.6 -2.2 6.010250309e-16
-1.5 -2.2 7.101794936e-16
-1.4 -2.2 8.919107363e-16
-1.3 -2.2 1.324606431e-15
-1.2 -2.2 2.659965347e-15
-1.1 -2.2 7.161550965e-15
-1 -2.2 2.343620713e-14
-0.9 -2.2 8.878654474e-14
-0.8 -2.2 3.808961097e-13
-0.7 -2.2 1.770909189e-12
-0.6 -2.2 8.423757172e-12
-0.5 -2.2 3.912477287e-11
-0.4 -2.2 1.723267479e-10
-0.3 -2.2 7.08069754e-10
-0.2 -2.2 2.689349647e-09
-0.1 -2.2 9.391751344e-09
0 -2.2 3.005509162e-08
0.1 -2.2 8.793752561e-08
0.2 -2.2 2.348539216e-07
0.3 -2.2 5.717927774e-07
0.4 -2.2 1.267820419e-06
0.5 -2.2 2.557964782e-06
0.6 -2.2 4.692963108e-06
0.7 -2.2 7.824540726e-06
0.8 -2.2 1.184975397e-05
0.9 -2.2 1.629325468e-05
1 -2.2 2.033238527e-05
1.1 -2.2 2.302001056e-05
1.2 -2.2 2.363914998e-05
1.3 -2.2 2.201177188e-05
1.4 -2.2 1.858128622e-05
1.5 -2.2 1.421694925e-05
1.6 -2.2 9.857553768e-06
1.7 -2.2 6.192913033e-06
1.8 -2.2 3.524703362e-06
1.9 -2.2 1.817177685e-06
2 -2.2 8.485372485e-07
2.1 -2.2 3.58839214e-07
2.2 -2.2 1.374187001e-07
2.3 -2.2 4.76512612e-08
2.4 -2.2 1.496080554e-08
2.5 -2.2 4.25265621e-09
2.6 -2.2 1.094374465e-09
2.7 -2.2 2.549472439e-10
2.8 -2.2 5.37643182e-11
2.9 -2.2 1.026314873e-11
3 -2.2 1.773355193e-12
3.1 -2.2 2.773481464e-13
3.2 -2.2 3.926044176e-14

-3.2 -2.1 1.032887927e-17
-3.1 -2.1 3.282519673e-17
-3 -2.1 6.103178632e-17
-2.9 -2.1 9.114210544e-17
-2.8 -2.1 1.211613717e-16
-2.7 -2.1 1.557713946e-16
-2.6 -2.1 2.002143199e-16
-2.5 -2.1 2.52511529e-16
-2.4 -2.1 3.073208439e-16
-2.3 -2.1 3.594724249e-16
-2.2 -2.1 4.035632134e-16
-2.1 -2.1 4.351916861e-16
-2 -2.1 4.5595735e-16
-1.9 -2.1 4.787260698e-16
-1.8 -2.1 5.225191062e-16
-1.7 -2.1 6.024818341e-16
-1.6 -2.1 7.336875775e-16
-1.5 -2.1 9.893403935e-16
-1.4 -2.1 1.672671492e-15
-1.3 -2.1 3.814217775e-15
-1.2 -2.1 1.064361306e-14
-1.1 -2.1 3.252768311e-14
-1 -2.1 1.05767614e-13
-0.9 -2.1 3.741337451e-13
-0.8 -2.1 1.471139778e-12
-0.7 -2.1 6.329266478e-12
-0.6 -2.1 2.840535056e-11
-0.5 -2.1 1.265649879e-10
-0.4 -2.1 5.407419986e-10
-0.3 -2.1 2.170098292e-09
-0.2 -2.1 8.085823182e-09
-0.1 -2.1 2.77841211e-08
0 -2.1 8.767845126e-08
0.1 -2.1 2.534048087e-07
0.2 -2.1 6.694347144e-07
0.3 -2.1 1.614087053e-06
0.4 -2.1 3.547810927e-06
0.5 -2.1 7.102189633e-06
0.6 -2.1 1.293822903e-05
0.7 -2.1 2.143450968e-05
0.8 -2.1 3.227421743e-05
0.9 -2.1 4.414512256e-05
1 -2.1 5.482822909e-05
1.1 -2.1 6.180926873e-05
1.2 -2.1 6.322436951e-05
1.3 -2.1 5.86634887e-05
1.4 -2.1 4.936165304e-05
1.5 -2.1 3.765727678e-05
1.6 -2.1 2.604089395e-05
1.7 -2.1 1.632040615e-05
1.8 -2.1 9.26836737e-06
1.9 -2.1 4.768805078e-06
2 -2.1 2.222765538e-06
2.1 -2.1 9.384372845e-07
2.2 -2.1 3.588389001e-07
2.3 -2.1 1.242614383e-07
2.4 -2.1 3.896547937e-08
2.5 -2.1 1.106365041e-08
2.6 -2.1 2.844218836e-09
2.7 -2.1 6.61984946e-10
2.8 -2.1 1.394860908e-10
2.9 -2.1 2.66067072e-11
3 -2.1 4.594216068e-12
3.1 -2.1 7.180885921e-13
3.2 -2.1 1.015994771e-13

-3.2 -2 1.128699498e-17
-3.1 -2 3.520869963e-17
-3 -2 6.462512009e-17
-2.9 -2 9.614160848e-17
-2.8 -2 1.295821842e-16
-2.7 -2 1.692338235e-16
-2.6 -2 2.17748466e-16
-2.5 -2 2.71964646e-16
-2.4 -2 3.269618431e-16
-2.3 -2 3.756798757e-16
-2.2 -2 4.132132446e-16
-2.1 -2 4.393052019e-16
-2 -2 4.647552931e-16
-1.9 -2 5.101136747e-16
-1.8 -2 5.961094999e-16
-1.7 -2 7.546157941e-16
-1.6 -2 1.108868065e-15
-1.5 -2 2.144914075e-15
-1.4 -2 5.468515978e-15
-1.3 -2 1.598470008e-14
-1.2 -2 4.831389463e-14
-1.1 -2 1.468495609e-13
-1 -2 4.557004282e-13
-0.9 -2 1.497463413e-12
-0.8 -2 5.395251561e-12
-0.7 -2 2.137756876e-11
-0.6 -2 8.988994804e-11
-0.5 -2 3.818500884e-10
-0.4 -2 1.57504962e-09
-0.3 -2 6.151969657e-09
-0.2 -2 2.242525114e-08
-0.1 -2 7.564972912e-08
0 -2 2.349643629e-07
0.1 -2 6.696872142e-07
0.2 -2 1.747438468e-06
0.3 -2 4.167105242e-06
0.4 -2 9.069374291e-06
0.5 -2 1.799493857e-05
0.6 -2 3.25203087e-05
0.7 -2 5.34875554e-05
0.8 -2 8.001207324e-05
0.9 -2 0.0001087960039
1 -2 0.0001344024644
1.1 -2 0.000150781367
1.2 -2 0.0001535559162
1.3 -2 0.0001419109318
1.4 -2 0.0001189774324
1.5 -2 9.046833637e-05
1.6 -2 6.237472647e-05
1.7 -2 3.898601638e-05
1.8 -2 2.208591194e-05
1.9 -2 1.133848463e-05
2 -2 5.27427346e-06
2.1 -2 2.222695087e-06
2.2 -2 8.485053336e-07
2.3 -2 2.933864154e-07
2.4 -2 9.187436163e-08
2.5 -2 2.605434127e-08
2.6 -2 6.690578815e-09
2.7 -2 1.555661092e-09
2.8 -2 3.274967517e-10
2.9 -2 6.241883047e-11
3 -2 1.077010411e-11
3.1 -2 1.682301619e-12
3.2 -2 2.378878753e-13

-3.2 -1.9 1.233166282e-17
-3.1 -1.9 3.742759666e-17
-3 -1.9 6.806419923e-17
-2.9 -1.9 1.012468134e-16
-2.8 -1.9 1.378303101e-16
-2.7 -1.9 1.815123253e-16
-2.6 -1.9 2.333261816e-16
-2.5 -1.9 2.89056589e-16
-2.4 -1.9 3.425130114e-16
-2.3 -1.9 3.864199106e-16
-2.2 -1.9 4.183119785e-16
-2.1 -1.9 4.466616825e-16
-2 -1.9 4.92514385e-16
-1.9 -1.9 5.822900015e-16
-1.8 -1.9 7.67231352e-16
-1.7 -1.9 1.234606131e-15
-1.6 -1.9 2.695938725e-15
-1.5 -1.9 7.521320294e-15
-1.4 -1.9 2.299118979e-14
-1.3 -1.9 7.046793253e-14
-1.2 -1.9 2.112369925e-13
-1.1 -1.9 6.220246496e-13
-1 -1.9 1.83804825e-12
-0.9 -1.9 5.645814033e-12
-0.8 -1.9 1.873537472e-11
-0.7 -1.9 6.830286477e-11
-0.6 -1.9 2.676579374e-10
-0.5 -1.9 1.077536908e-09
-0.4 -1.9 4.26973626e-09
-0.3 -1.9 1.616892473e-08
-0.2 -1.9 5.748681114e-08
-0.1 -1.9 1.899156902e-07
0 -1.9 5.79352514e-07
0.1 -1.9 1.625434103e-06
0.2 -1.9 4.182509024e-06
0.3 -1.9 9.850546647e-06
0.4 -1.9 2.12008907e-05
0.5 -1.9 4.164532991e-05
0.6 -1.9 7.458305939e-05
0.7 -1.9 0.0001216719003
0.8 -1.9 0.0001806702548
0.9 -1.9 0.0002440304266
1 -1.9 0.0002996495633
1.1 -1.9 0.0003343318707
1.2 -1.9 0.0003388008857
1.3 -1.9 0.0003117054749
1.4 -1.9 0.0002602718894
1.5 -1.9 0.0001971785341
1.6 -1.9 0.0001354948565
1.7 -1.9 8.443275408e-05
1.8 -1.9 4.770123194e-05
1.9 -1.9 2.442835899e-05
2 -1.9 1.133781884e-05
2.1 -1.9 4.768344419e-06
2.2 -1.9 1.816971001e-06
2.3 -1.9 6.272148032e-07
2.4 -1.9 1.961208479e-07
2.5 -1.9 5.554265057e-08
2.6 -1.9 1.424575563e-08
2.7 -1.9 3.308758673e-09
2.8 -1.9 6.958788853e-10
2.9 -1.9 1.325143e-10
3 -1.9 2.284690361e-11
3.1 -1.9 3.566220053e-12
3.2 -1.9 5.039754346e-13

-3.2 -1.8 1.349624187e-17
-3.1 -1.8 3.994047083e-17
-3 -1.8 7.207454694e-17
-2.9 -1.8 1.073669343e-16
-2.8 -1.8 1.471889861e-16
-2.7 -1.8 1.947625574e-16
-2.6 -1.8 2.490703642e-16
-2.5 -1.8 3.049474908e-16
-2.4 -1.8 3.551552098e-16
-2.3 -1.8 3.940292279e-16
-2.2 -1.8 4.259341865e-16
-2.1 -1.8 4.698484565e-16
-2 -1.8 5.598891842e-16
-1.9 -1.8 7.652799413e-16
-1.8 -1.8 1.33799167e-15
-1.7 -1.8 3.230362823e-15
-1.6 -1.8 9.688981509e-15
-1.5 -1.8 3.090303682e-14
-1.4 -1.8 9.709893823e-14
-1.3 -1.8 2.941849961e-13
-1.2 -1.8 8.593466259e-13
-1.1 -1.8 2.444152173e-12
-1 -1.8 6.901917317e-12
-0.9 -1.8 1.996349274e-11
-0.8 -1.8 6.14459273e-11
-0.7 -1.8 2.064963524e-10
-0.6 -1.8 7.51548542e-10
-0.5 -1.8 2.851897087e-09
-0.4 -1.8 1.080133538e-08
-0.3 -1.8 3.94943487e-08
-0.2 -1.8 1.365077785e-07
-0.1 -1.8 4.404502978e-07
0 -1.8 1.31664287e-06
0.1 -1.8 3.628960915e-06
0.2 -1.8 9.192201949e-06
0.3 -1.8 2.134757018e-05
0.4 -1.8 4.537095653e-05
0.5 -1.8 8.812019884e-05
0.6 -1.8 0.00015621391
0.7 -1.8 0.00025250593
0.8 -1.8 0.0003718395835
0.9 -1.8 0.0004984792773
1 -1.8 0.0006079431032
1.1 -1.8 0.0006741471856
1.2 -1.8 0.0006793655729
1.3 -1.8 0.0006218929624
1.4 -1.8 0.0005169149919
1.5 -1.8 0.0003899968073
1.6 -1.8 0.0002669962022
1.7 -1.8 0.000165817171
1.8 -1.8 9.339539641e-05
1.9 -1.8 4.769749426e-05
2 -1.8 2.208271589e-05
2.1 -1.8 9.266547032e-06
2.2 -1.8 3.523884253e-06
2.3 -1.8 1.214228618e-06
2.4 -1.8 3.790510388e-07
2.5 -1.8 1.071919811e-07
2.6 -1.8 2.745670268e-08
2.7 -1.8 6.369636119e-09
2.8 -1.8 1.338208642e-09
2.9 -1.8 2.545907304e-10
3 -1.8 4.38572416e-11
3.1 -1.8 6.840637184e-12
3.2 -1.8 9.660722141e-13

-3.2 -1.7 1.454418299e-17
-3.1 -1.7 4.222289842e-17
-3 -1.7 7.612945968e-17
-2.9 -1.7 1.132341064e-16
-2.8 -1.7 1.564385128e-16
-2.7 -1.7 2.070617578e-16
-2.6 -1.7 2.632151879e-16
-2.5 -1.7 3.183243597e-16
-2.4 -1.7 3.646895027e-16
-2.3 -1.7 4.018522335e-16
-2.2 -1.7 4.44615069e-16
-2.1 -1.7 5.290655232e-16
-2 -1.7 7.421708553e-16
-1.9 -1.7 1.386321603e-15
-1.8 -1.7 3.623704874e-15
-1.7 -1.7 1.15406989e-14
-1.6 -1.7 3.83795961e-14
-1.5 -1.7 1.243819974e-13
-1.4 -1.7 3.854425648e-13
-1.3 -1.7 1.140316732e-12
-1.2 -1.7 3.23627688e-12
-1.1 -1.7 8.897169303e-12
-1 -1.7 2.409733951e-11
-0.9 -1.7 6.605698082e-11
-0.8 -1.7 1.899292719e-10
-0.7 -1.7 5.905765922e-10
-0.6 -1.7 1.993357583e-09
-0.5 -1.7 7.097901283e-09
-0.4 -1.7 2.556844228e-08
-0.3 -1.7 8.988298691e-08
-0.2 -1.7 3.009555194e-07
-0.1 -1.7 9.456136351e-07
0 -1.7 2.763035521e-06
0.1 -1.7 7.46518012e-06
0.2 -1.7 1.857836007e-05
0.3 -1.7 4.247081822e-05
0.4 -1.7 8.899805362e-05
0.5 -1.7 0.0001706689329
0.6 -1.7 0.0002991020419
0.7 -1.7 0.00047849426
0.8 -1.7 0.0006980724888
0.9 -1.7 0.0009279450676
1 -1.7 0.001123105186
1.1 -1.7 0.001236837373
1.2 -1.7 0.00123865245
1.3 -1.7 0.001127483266
1.4 -1.7 0.0009323911316
1.5 -1.7 0.0007002265285
1.6 -1.7 0.0004773919985
1.7 -1.7 0.0002953711819
1.8 -1.7 0.000165802994
1.9 -1.7 8.441811893e-05
2 -1.7 3.897600478e-05
2.1 -1.7 1.631499161e-05
2.2 -1.7 6.190460493e-06
2.3 -1.7 2.128788303e-06
2.4 -1.7 6.633604452e-07
2.5 -1.7 1.87290157e-07
2.6 -1.7 4.790437707e-08
2.7 -1.7 1.109895643e-08
2.8 -1.7 2.329122805e-09
2.9 -1.7 4.426564921e-10
3 -1.7 7.61852187e-11
3.1 -1.7 1.187341708e-11
3.2 -1.7 1.675630635e-12

-3.2 -1.6 1.556062391e-17
-3.1 -1.6 4.470767712e-17
-3 -1.6 8.017304034e-17
-2.9 -1.6 1.19699627e-16
-2.8 -1.6 1.654365844e-16
-2.7 -1.6 2.190481523e-16
-2.6 -1.6 2.761346252e-16
-2.5 -1.6 3.296771816e-16
-2.4 -1.6 3.731684417e-16
-2.3 -1.6 4.16399262e-16
-2.2 -1.6 4.92986674e-16
-2.1 -1.6 6.959751285e-16
-2 -1.6 1.356509133e-15
-1.9 -1.6 3.760882037e-15
-1.8 -1.6 1.262085087e-14
-1.7 -1.6 4.379147234e-14
-1.6 -1.6 1.470734765e-13
-1.5 -1.6 4.695769788e-13
-1.4 -1.6 1.422292915e-12
-1.3 -1.6 4.098375067e-12
-1.2 -1.6 1.129684633e-11
-1.1 -1.6 3.00523583e-11
-1 -1.6 7.828885329e-11
-0.9 -1.6 2.044197328e-10
-0.8 -1.6 5.525799661e-10
-0.7 -1.6 1.597235682e-09
-0.6 -1.6 5.000808694e-09
-0.5 -1.6 1.665212604e-08
-0.4 -1.6 5.678885955e-08
-0.3 -1.6 1.910960273e-07
-0.2 -1.6 6.175267166e-07
-0.1 -1.6 1.883512051e-06
0 -1.6 5.364955199e-06
0.1 -1.6 1.417521351e-05
0.2 -1.6 3.458692861e-05
0.3 -1.6 7.768370605e-05
0.4 -1.6 0.0001602291952
0.5 -1.6 0.000302917807
0.6 -1.6 0.0005240913194
0.7 -1.6 0.0008287511047
0.8 -1.6 0.001196449911
0.9 -1.6 0.00157543804
1 -1.6 0.001890516374
1.1 -1.6 0.002065911117
1.2 -1.6 0.002054526562
1.3 -1.6 0.001858358458
1.4 -1.6 0.00152806212
1.5 -1.6 0.001141685639
1.6 -1.6 0.0007747603341
1.7 -1.6 0.0004773571578
1.8 -1.6 0.0002669507292
1.9 -1.6 0.0001354569913
2 -1.6 6.235028612e-05
2.1 -1.6 2.602782621e-05
2.2 -1.6 9.851579901e-06
2.3 -1.6 3.380320206e-06
2.4 -1.6 1.051277949e-06
2.5 -1.6 2.962895284e-07
2.6 -1.6 7.566448672e-08
2.7 -1.6 1.750608259e-08
2.8 -1.6 3.66907387e-09
2.9 -1.6 6.965447265e-10
3 -1.6 1.197639036e-10
3.1 -1.6 1.864890537e-11
3.2 -1.6 2.629790402e-12

-3.2 -1.5 1.65250725e-17
-3.1 -1.5 4.69665135e-17
-3 -1.5 8.40883592e-17
-2.9 -1.5 1.261594163e-16
-2.8 -1.5 1.750001324e-16
-2.7 -1.5 2.308113612e-16
-2.6 -1.5 2.87923494e-16
-2.5 -1.5 3.392938968e-16
-2.4 -1.5 3.857435452e-16
-2.3 -1.5 4.538173125e-16
-2.2 -1.5 6.32445308e-16
-2.1 -1.5 1.246549661e-15
-2 -1.5 3.595609622e-15
-1.9 -1.5 1.263304851e-14
-1.8 -1.5 4.579363377e-14
-1.7 -1.5 1.600349843e-13
-1.6 -1.5 5.293662954e-13
-1.5 -1.5 1.65315108e-12
-1.4 -1.5 4.88349823e-12
-1.3 -1.5 1.369696237e-11
-1.2 -1.5 3.667078649e-11
-1.1 -1.5 9.44721339e-11
-1 -1.5 2.371857386e-10
-0.9 -1.5 5.921164225e-10
-0.8 -1.5 1.512822829e-09
-0.7 -1.5 4.084521164e-09
-0.6 -1.5 1.187989613e-08
-0.5 -1.5 3.690893064e-08
-0.4 -1.5 1.186674657e-07
-0.3 -1.5 3.805729151e-07
-0.2 -1.5 1.182293201e-06
-0.1 -1.5 3.488816267e-06
0 -1.5 9.659072275e-06
0.1 -1.5 2.489407984e-05
0.2 -1.5 5.94158927e-05
0.3 -1.5 0.0001308472005
0.4 -1.5 0.0002651510012
0.5 -1.5 0.0004933519954
0.6 -1.5 0.0008413871596
0.7 -1.5 0.001313331757
0.8 -1.5 0.001873914457
0.9 -1.5 0.002441472708
1 -1.5 0.002901815637
1.1 -1.5 0.003143703424
1.2 -1.5 0.003102033494
1.3 -1.5 0.002786117282
1.4 -1.5 0.002276385911
1.5 -1.5 0.001691057727
1.6 -1.5 0.001141650413
1.7 -1.5 0.0007001434346
1.8 -1.5 0.0003899021731
1.9 -1.5 0.0001971020505
2 -1.5 9.041913172e-05
2.1 -1.5 3.763078453e-05
2.2 -1.5 1.420469242e-05
2.3 -1.5 4.86215159e-06
2.4 -1.5 1.508847196e-06
2.5 -1.5 4.244267015e-07
2.6 -1.5 1.08200454e-07
2.7 -1.5 2.499537312e-08
2.8 -1.5 5.231615145e-09
2.9 -1.5 9.919841533e-10
3 -1.5 1.703801801e-10
3.1 -1.5 2.650564977e-11
3.2 -1.5 3.734604545e-12

-3.2 -1.4 1.757973462e-17
-3.1 -1.4 4.926570721e-17
-3 -1.4 8.811525182e-17
-2.9 -1.4 1.326741776e-16
-2.8 -1.4 1.843002513e-16
-2.7 -1.4 2.418680101e-16
-2.6 -1.4 2.986588091e-16
-2.5 -1.4 3.504727055e-16
-2.4 -1.4 4.125768202e-16
-2.3 -1.4 5.58891747e-16
-2.2 -1.4 1.079520745e-15
-2.1 -1.4 3.166510138e-15
-2 -1.4 1.157662821e-14
-1.9 -1.4 4.388561011e-14
-1.8 -1.4 1.601605299e-13
-1.7 -1.4 5.51418402e-13
-1.6 -1.4 1.785147411e-12
-1.5 -1.4 5.441866724e-12
-1.4 -1.4 1.566602946e-11
-1.3 -1.4 4.275358102e-11
-1.2 -1.4 1.111748065e-10
-1.1 -1.4 2.774825017e-10
-1 -1.4 6.722408578e-10
-0.9 -1.4 1.60868276e-09
-0.8 -1.4 3.90080578e-09
-0.7 -1.4 9.881010977e-09
-0.6 -1.4 2.675582272e-08
-0.5 -1.4 7.745723171e-08
-0.4 -1.4 2.339329896e-07
-0.3 -1.4 7.119608083e-07
-0.2 -1.4 2.117749951e-06
-0.1 -1.4 6.024520554e-06
0 -1.4 1.616168689e-05
0.1 -1.4 4.051805458e-05
0.2 -1.4 9.436477516e-05
0.3 -1.4 0.0002033065758
0.4 -1.4 0.0004039465195
0.5 -1.4 0.0007383712277
0.6 -1.4 0.001239224279
0.7 -1.4 0.001906493888
0.8 -1.4 0.002684861897
0.9 -1.4 0.003456858591
1 -1.4 0.004064921279
1.1 -1.4 0.004361396853
1.2 -1.4 0.004266188213
1.3 -1.4 0.003801655459
1.4 -1.4 0.003084149596
1.5 -1.4 0.002276510233
1.6 -1.4 0.00152806994
1.7 -1.4 0.0009322828252
1.8 -1.4 0.0005167674662
1.9 -1.4 0.0002601455947
2 -1.4 0.0001188937607
2.1 -1.4 4.931571123e-05
2.2 -1.4 1.855970037e-05
2.3 -1.4 6.335835179e-06
2.4 -1.4 1.961474686e-06
2.5 -1.4 5.505742766e-07
2.6 -1.4 1.400943923e-07
2.7 -1.4 3.230891752e-08
2.8 -1.4 6.752323703e-09
2.9 -1.4 1.278651455e-09
3 -1.4 2.193634199e-10
3.1 -1.4 3.4091151e-11
3.2 -1.4 4.799062238e-12

-3.2 -1.3 1.84136313e-17
-3.1 -1.3 5.119654802e-17
-3 -1.3 9.200165454e-17
-2.9 -1.3 1.390523947e-16
-2.8 -1.3 1.930391135e-16
-2.7 -1.3 2.517165213e-16
-2.6 -1.3 3.090298292e-16
-2.5 -1.3 3.698443069e-16
-2.4 -1.3 4.859471515e-16
-2.3 -1.3 8.904411024e-16
-2.2 -1.3 2.584067956e-15
-2.1 -1.3 9.746837972e-15
-2 -1.3 3.864531302e-14
-1.9 -1.3 1.477077962e-13
-1.8 -1.3 5.313773455e-13
-1.7 -1.3 1.791368919e-12
-1.6 -1.3 5.664252098e-12
-1.5 -1.3 1.68392438e-11
-1.4 -1.3 4.721359274e-11
-1.3 -1.3 1.253191136e-10
-1.2 -1.3 3.164315888e-10
-1.1 -1.3 7.651955621e-10
-1 -1.3 1.789922905e-09
-0.9 -1.3 4.112633619e-09
-0.8 -1.3 9.492910118e-09
-0.7 -1.3 2.264281555e-08
-0.6 -1.3 5.721646213e-08
-0.5 -1.3 1.542560702e-07
-0.4 -1.3 4.362687889e-07
-0.3 -1.3 1.254807116e-06
-0.2 -1.3 3.559029612e-06
-0.1 -1.3 9.724090049e-06
0 -1.3 2.51930396e-05
0.1 -1.3 6.125811806e-05
0.2 -1.3 0.0001388451465
0.3 -1.3 0.0002919526911
0.4 -1.3 0.0005675234647
0.5 -1.3 0.00101709501
0.6 -1.3 0.00167682895
0.7 -1.3 0.002538442003
0.8 -1.3 0.003523025198
0.9 -1.3 0.004476551482
1 -1.3 0.005201549149
1.1 -1.3 0.00552109345
1.2 -1.3 0.005348271311
1.3 -1.3 0.004724261265
1.4 -1.3 0.003802424386
1.5 -1.3 0.002786767601
1.6 -1.3 0.001858621967
1.7 -1.3 0.001127442221
1.8 -1.3 0.0006217223936
1.9 -1.3 0.0003115334238
2 -1.3 0.0001417895965
2.1 -1.3 5.859467622e-05
2.2 -1.3 2.197878479e-05
2.3 -1.3 7.480872161e-06
2.4 -1.3 2.309869623e-06
2.5 -1.3 6.468508346e-07
2.6 -1.3 1.642506396e-07
2.7 -1.3 3.781030105e-08
2.8 -1.3 7.8892449e-09
2.9 -1.3 1.491806607e-09
3 -1.3 2.556100226e-10
3.1 -1.3 3.968034975e-11
3.2 -1.3 5.580401827e-12

-3.2 -1.2 1.929380947e-17
-3.1 -1.2 5.342786828e-17
-3 -1.2 9.579651518e-17
-2.9 -1.2 1.45029405e-16
-2.8 -1.2 2.010741925e-16
-2.7 -1.2 2.609719699e-16
-2.6 -1.2 3.234684324e-16
-2.5 -1.2 4.180119641e-16
-2.4 -1.2 7.125939994e-16
-2.3 -1.2 1.979065061e-15
-2.2 -1.2 7.602915242e-15
-2.1 -1.2 3.147635986e-14
-2 -1.2 1.262190453e-13
-1.9 -1.2 4.758521431e-13
-1.8 -1.2 1.676432822e-12
-1.7 -1.2 5.520701697e-12
-1.6 -1.2 1.702834554e-11
-1.5 -1.2 4.93247711e-11
-1.4 -1.2 1.345901184e-10
-1.3 -1.2 3.47225442e-10
-1.2 -1.2 8.508656514e-10
-1.1 -1.2 1.992783133e-09
-1 -1.2 4.501028257e-09
-0.9 -1.2 9.937620944e-09
-0.8 -1.2 2.187645809e-08
-0.7 -1.2 4.926892528e-08
-0.6 -1.2 1.164281898e-07
-0.5 -1.2 2.922665444e-07
-0.4 -1.2 7.719865086e-07
-0.3 -1.2 2.090005514e-06
-0.2 -1.2 5.62861844e-06
-0.1 -1.2 1.471237482e-05
0 -1.2 3.668206147e-05
0.1 -1.2 8.623667063e-05
0.2 -1.2 0.0001896855683
0.3 -1.2 0.000388275237
0.4 -1.2 0.0007367018368
0.5 -1.2 0.00129171239
0.6 -1.2 0.002087827467
0.7 -1.2 0.003104482361
0.8 -1.2 0.004239271196
0.9 -1.2 0.005308140164
1 -1.2 0.006086456101
1.1 -1.2 0.006383299275
1.2 -1.2 0.006116850062
1.3 -1.2 0.005350612838
1.4 -1.2 0.004268793077
1.5 -1.2 0.003103859549
1.6 -1.2 0.002055400304
1.7 -1.2 0.00123885131
1.8 -1.2 0.0006792463942
1.9 -1.2 0.0003386110957
2 -1.2 0.000153405879
2.1 -1.2 6.313497543e-05
2.2 -1.2 2.359513864e-05
2.3 -1.2 8.004833694e-06
2.4 -1.2 2.464484444e-06
2.5 -1.2 6.883720016e-07
2.6 -1.2 1.743951734e-07
2.7 -1.2 4.006461936e-08
2.8 -1.2 8.344751394e-09
2.9 -1.2 1.57547182e-09
3 -1.2 2.695749763e-10
3.1 -1.2 4.179793289e-11
3.2 -1.2 5.871956035e-12

-3.2 -1.1 2.01135868e-17
-3.1 -1.1 5.542089743e-17
-3 -1.1 9.950166518e-17
-2.9 -1.1 1.510574499e-16
-2.8 -1.1 2.095910689e-16
-2.7 -1.1 2.728171618e-16
-2.6 -1.1 3.553228011e-16
-2.5 -1.1 5.648883143e-16
-2.4 -1.1 1.455080329e-15
-2.3 -1.1 5.586996163e-15
-2.2 -1.1 2.403978114e-14
-2.1 -1.1 1.011055792e-13
-2 -1.1 3.99958894e-13
-1.9 -1.1 1.475598954e-12
-1.8 -1.1 5.0746375e-12
-1.7 -1.1 1.629347487e-11
-1.6 -1.1 4.895239351e-11
-1.5 -1.1 1.379832437e-10
-1.4 -1.1 3.659963878e-10
-1.3 -1.1 9.167690625e-10
-1.2 -1.1 2.178069339e-09
-1.1 -1.1 4.936436108e-09
-1 -1.1 1.076002055e-08
-0.9 -1.1 2.282778706e-08
-0.8 -1.1 4.796692807e-08
-0.7 -1.1 1.021710781e-07
-0.6 -1.1 2.261363305e-07
-0.5 -1.1 5.284708437e-07
-0.4 -1.1 1.30047804e-06
-0.3 -1.1 3.300933759e-06
-0.2 -1.1 8.404236288e-06
-0.1 -1.1 2.092885821e-05
0 -1.1 5.003014504e-05
0.1 -1.1 0.000113336137
0.2 -1.1 0.0002411964826
0.3 -1.1 0.0004792959433
0.4 -1.1 0.0008854061395
0.5 -1.1 0.001515339397
0.6 -1.1 0.002396183824
0.7 -1.1 0.003492911418
0.8 -1.1 0.004684589822
0.9 -1.1 0.005770876499
1 -1.1 0.006520117987
1.1 -1.1 0.00674748341
1.2 -1.1 0.006388381449
1.3 -1.1 0.005527702827
1.4 -1.1 0.004367080219
1.5 -1.1 0.003147446453
1.6 -1.1 0.002067807516
1.7 -1.1 0.001237491935
1.8 -1.1 0.0006741862375
1.9 -1.1 0.0003341745054
2 -1.1 0.0001506249117
2.1 -1.1 6.170860148e-05
2.2 -1.1 2.296860228e-05
2.3 -1.1 7.764175873e-06
2.4 -1.1 2.382735566e-06
2.5 -1.1 6.636484518e-07
2.6 -1.1 1.677092946e-07
2.7 -1.1 3.844322545e-08
2.8 -1.1 7.991414514e-09
2.9 -1.1 1.506176473e-09
3 -1.1 2.573311959e-10
3.1 -1.1 3.984716236e-11
3.2 -1.1 5.591412984e-12

-3.2 -1 2.086702699e-17
-3.1 -1 5.718548649e-17
-3 -1 1.0291163e-16
-2.9 -1 1.565526091e-16
-2.8 -1 2.1817794e-16
-2.7 -1 2.943558585e-16
-2.6 -1 4.504174285e-16
-2.5 -1 1.063236029e-15
-2.4 -1 3.990660686e-15
-2.3 -1 1.76837801e-14
-2.2 -1 7.770088498e-14
-2.1 -1 3.219044168e-13
-2 -1 1.242893688e-12
-1.9 -1 4.465199956e-12
-1.8 -1 1.4941334e-11
-1.7 -1 4.66520013e-11
-1.6 -1 1.362187862e-10
-1.5 -1 3.728867977e-10
-1.4 -1 9.596947718e-10
-1.3 -1 2.330031267e-09
-1.2 -1 5.358522477e-09
-1.1 -1 1.17353063e-08
-1 -1 2.465463359e-08
-0.9 -1 5.021801104e-08
-0.8 -1 1.00702159e-07
-0.7 -1 2.029793028e-07
-0.6 -1 4.210567265e-07
-0.5 -1 9.15588729e-07
-0.4 -1 2.093843181e-06
-0.3 -1 4.962635552e-06
-0.2 -1 1.189023897e-05
-0.1 -1 2.808585061e-05
0 -1 6.411369496e-05
0.1 -1 0.0001394528813
0.2 -1 0.0002862098227
0.3 -1 0.0005505096904
0.4 -1 0.0009874557735
0.5 -1 0.001645507171
0.6 -1 0.002539794558
0.7 -1 0.003621809718
0.8 -1 0.004761601802
0.9 -1 0.005760685359
1 -1 0.006402912705
1.1 -1 0.006528752393
1.2 -1 0.00609908504
1.3 -1 0.00521399279
1.4 -1 0.004074613261
1.5 -1 0.002908007368
1.6 -1 0.001893737956
1.7 -1 0.001124389819
1.8 -1 0.0006082410392
1.9 -1 0.000299580986
2 -1 0.000134269224
2.1 -1 5.47305852e-05
2.2 -1 2.027982817e-05
2.3 -1 6.827909578e-06
2.4 -1 2.087983637e-06
2.5 -1 5.797289113e-07
2.6 -1 1.460961485e-07
2.7 -1 3.340713855e-08
2.8 -1 6.929619713e-09
2.9 -1 1.303596153e-09
3 -1 2.223535889e-10
3.1 -1 3.438149407e-11
3.2 -1 4.818345886e-12

-3.2 -0.9 2.135199087e-17
-3.1 -0.9 5.862891831e-17
-3 -0.9 1.061233387e-16
-2.9 -0.9 1.626210783e-16
-2.8 -0.9 2.336421929e-16
-2.7 -0.9 3.606434562e-16
-2.6 -0.9 8.018104156e-16
-2.5 -0.9 2.911337044e-15
-2.4 -0.9 1.312553014e-14
-2.3 -0.9 5.971891868e-14
-2.2 -0.9 2.573064931e-13
-2.1 -0.9 1.034212376e-12
-2 -0.9 3.866684226e-12
-1.9 -0.9 1.345117025e-11
-1.8 -0.9 4.359296601e-11
-1.7 -0.9 1.318361584e-10
-1.6 -0.9 3.727983924e-10
-1.5 -0.9 9.879311161e-10
-1.4 -0.9 2.46002239e-09
-1.3 -0.9 5.773805128e-09
-1.2 -0.9 1.282166115e-08
-1.1 -0.9 2.707067869e-08
-1 -0.9 5.470055362e-08
-0.9 -0.9 1.067789207e-07
-0.8 -0.9 2.040867077e-07
-0.7 -0.9 3.89025084e-07
-0.6 -0.9 7.560392657e-07
-0.5 -0.9 1.527921784e-06
-0.4 -0.9 3.237859139e-06
-0.3 -0.9 7.134345559e-06
-0.2 -0.9 1.600611883e-05
-0.1 -0.9 3.568965063e-05
0 -0.9 7.746289616e-05
0.1 -0.9 0.0001611493487
0.2 -0.9 0.0003178564749
0.3 -0.9 0.0005899141784
0.4 -0.9 0.001024470087
0.5 -0.9 0.001657824083
0.6 -0.9 0.002491475967
0.7 -0.9 0.00346781744
0.8 -0.9 0.004459818751
0.9 -0.9 0.00528874281
1 -0.9 0.005772691996
1.1 -0.9 0.005790230325
1.2 -0.9 0.005329378347
1.3 -0.9 0.004495245067
1.4 -0.9 0.003470665279
1.5 -0.9 0.002450127374
1.6 -0.9 0.001580002882
1.7 -0.9 0.0009298986054
1.8 -0.9 0.0004990820143
1.9 -0.9 0.0002440892532
2 -0.9 0.0001087117516
2.1 -0.9 4.406486197e-05
2.2 -0.9 1.624640995e-05
2.3 -0.9 5.445708e-06
2.4 -0.9 1.658769668e-06
2.5 -0.9 4.589587566e-07
2.6 -0.9 1.153067473e-07
2.7 -0.9 2.629553642e-08
2.8 -0.9 5.441543886e-09
2.9 -0.9 1.021536927e-09
3 -0.9 1.739274268e-10
3.1 -0.9 2.685115481e-11
3.2 -0.9 3.757785487e-12

-3.2 -0.8 2.187314909e-17
-3.1 -0.8 6.025922981e-17
-3 -0.8 1.098549787e-16
-2.9 -0.8 1.741911774e-16
-2.8 -0.8 2.844664019e-16
-2.7 -0.8 6.351482164e-16
-2.6 -0.8 2.281092058e-15
-2.5 -0.8 1.041235749e-14
-2.4 -0.8 4.855033242e-14
-2.3 -0.8 2.152370802e-13
-2.2 -0.8 8.917774699e-13
-2.1 -0.8 3.44042475e-12
-2 -0.8 1.235506546e-11
-1.9 -0.8 4.13285075e-11
-1.8 -0.8 1.289157991e-10
-1.7 -0.8 3.755120278e-10
-1.6 -0.8 1.023140718e-09
-1.5 -0.8 2.612796411e-09
-1.4 -0.8 6.268356246e-09
-1.3 -0.8 1.416756088e-08
-1.2 -0.8 3.027040349e-08
-1.1 -0.8 6.140745791e-08
-1 -0.8 1.189721308e-07
-0.9 -0.8 2.219450411e-07
-0.8 -0.8 4.033579161e-07
-0.7 -0.8 7.257836456e-07
-0.6 -0.8 1.31942563e-06
-0.5 -0.8 2.473064327e-06
-0.4 -0.8 4.839153437e-06
-0.3 -0.8 9.863176806e-06
-0.2 -0.8 2.06041223e-05
-0.1 -0.8 4.313342124e-05
0 -0.8 8.858278509e-05
0.1 -0.8 0.0001755076086
0.2 -0.8 0.0003314423045
0.3 -0.8 0.0005915192
0.4 -0.8 0.0009914933268
0.5 -0.8 0.001553616755
0.6 -0.8 0.002267418737
0.7 -0.8 0.003072828413
0.8 -0.8 0.003856974475
0.9 -0.8 0.004473893428
1 -0.8 0.004786254181
1.1 -0.8 0.004714207279
1.2 -0.8 0.004268073299
1.3 -0.8 0.003546812421
1.4 -0.8 0.002701830203
1.5 -0.8 0.001884399124
1.6 -0.8 0.001202016354
1.7 -0.8 0.0007005512672
1.8 -0.8 0.0003727082507
1.9 -0.8 0.0001808588853
2 -0.8 7.998829799e-05
2.1 -0.8 3.222047402e-05
2.2 -0.8 1.181370176e-05
2.3 -0.8 3.940422857e-06
2.4 -0.8 1.195030189e-06
2.5 -0.8 3.293753115e-07
2.6 -0.8 8.246979253e-08
2.7 -0.8 1.875094177e-08
2.8 -0.8 3.870114309e-09
2.9 -0.8 7.248687699e-10
3 -0.8 1.23169975e-10
3.1 -0.8 1.89820969e-11
3.2 -0.8 2.6524583e-12

-3.2 -0.7 2.234572875e-17
-3.1 -0.7 6.240458546e-17
-3 -0.7 1.181578882e-16
-2.9 -0.7 2.157665935e-16
-2.8 -0.7 5.187587578e-16
-2.7 -0.7 1.935826298e-15
-2.6 -0.7 9.062476801e-15
-2.5 -0.7 4.327209288e-14
-2.4 -0.7 1.963443305e-13
-2.3 -0.7 8.325271563e-13
-2.2 -0.7 3.287786407e-12
-2.1 -0.7 1.209048411e-11
-2 -0.7 4.142624447e-11
-1.9 -0.7 1.323663401e-10
-1.8 -0.7 3.94827409e-10
-1.7 -0.7 1.100790743e-09
-1.6 -0.7 2.872807901e-09
-1.5 -0.7 7.030146587e-09
-1.4 -0.7 1.616478154e-08
-1.3 -0.7 3.501010995e-08
-1.2 -0.7 7.163903276e-08
-1.1 -0.7 1.390301161e-07
-1 -0.7 2.572094485e-07
-0.9 -0.7 4.56824729e-07
-0.8 -0.7 7.867652561e-07
-0.7 -0.7 1.33248998e-06
-0.6 -0.7 2.260124096e-06
-0.5 -0.7 3.917171811e-06
-0.4 -0.7 7.046815274e-06
-0.3 -0.7 1.320787999e-05
-0.2 -0.7 2.552140585e-05
-0.1 -0.7 4.984398444e-05
0 -0.7 9.631787415e-05
0.1 -0.7 0.0001808770862
0.2 -0.7 0.0003256860745
0.3 -0.7 0.0005568788049
0.4 -0.7 0.0008979246488
0.5 -0.7 0.001358231943
0.6 -0.7 0.001919528528
0.7 -0.7 0.002526149037
0.8 -0.7 0.003087074185
0.9 -0.7 0.003494613934
1 -0.7 0.003656601203
1.1 -0.7 0.003529731987
1.2 -0.7 0.003137848651
1.3 -0.7 0.002564828065
1.4 -0.7 0.001924826107
1.5 -0.7 0.001324516359
1.6 -0.7 0.0008347006254
1.7 -0.7 0.0004812067936
1.8 -0.7 0.000253525457
1.9 -0.7 0.0001219548992
2 -0.7 5.351784274e-05
2.1 -0.7 2.140846004e-05
2.2 -0.7 7.801084551e-06
2.3 -0.7 2.587793258e-06
2.4 -0.7 7.810096187e-07
2.5 -0.7 2.143410776e-07
2.6 -0.7 5.346475799e-08
2.7 -0.7 1.211582799e-08
2.8 -0.7 2.493386328e-09
2.9 -0.7 4.658227733e-10
3 -0.7 7.897769318e-11
3.1 -0.7 1.214809819e-11
3.2 -0.7 1.694647077e-12

-3.2 -0.6 2.317725949e-17
-3.1 -0.6 6.759294892e-17
-3 -0.6 1.503662719e-16
-2.9 -0.6 4.153940287e-16
-2.8 -0.6 1.688812203e-15
-2.7 -0.6 8.311208417e-15
-2.6 -0.6 4.118103867e-14
-2.5 -0.6 1.928405065e-13
-2.4 -0.6 8.408602702e-13
-2.3 -0.6 3.405972462e-12
-2.2 -0.6 1.282165773e-11
-2.1 -0.6 4.490515232e-11
-2 -0.6 1.464927786e-10
-1.9 -0.6 4.456947185e-10
-1.8 -0.6 1.266222957e-09
-1.7 -0.6 3.363702455e-09
-1.6 -0.6 8.36751571e-09
-1.5 -0.6 1.952365173e-08
-1.4 -0.6 4.280855287e-08
-1.3 -0.6 8.840324869e-08
-1.2 -0.6 1.724006357e-07
-1.1 -0.6 3.185680578e-07
-1 -0.6 5.602312208e-07
-0.9 -0.6 9.432802358e-07
-0.8 -0.6 1.533540444e-06
-0.7 -0.6 2.436230654e-06
-0.6 -0.6 3.843282555e-06
-0.5 -0.6 6.13740671e-06
-0.4 -0.6 1.010020934e-05
-0.3 -0.6 1.729060526e-05
-0.2 -0.6 3.066263568e-05
-0.1 -0.6 5.544316812e-05
0 -0.6 0.0001001383593
0.1 -0.6 0.00017724574
0.2 -0.6 0.0003028629281
0.3 -0.6 0.0004941219224
0.4 -0.6 0.0007636418756
0.5 -0.6 0.001111377104
0.6 -0.6 0.00151628827
0.7 -0.6 0.001932251118
0.8 -0.6 0.002292845551
0.9 -0.6 0.002526753375
1 -0.6 0.002579932583
1.1 -0.6 0.002435546508
1.2 -0.6 0.002121768984
1.3 -0.6 0.001702776996
1.4 -0.6 0.001256852539
1.5 -0.6 0.0008520093855
1.6 -0.6 0.0005297329741
1.7 -0.6 0.0003017097423
1.8 -0.6 0.0001572362657
1.9 -0.6 7.490303021e-05
2 -0.6 3.258512085e-05
2.1 -0.6 1.293413896e-05
2.2 -0.6 4.680704519e-06
2.3 -0.6 1.543219101e-06
2.4 -0.6 4.632349543e-07
2.5 -0.6 1.265238904e-07
2.6 -0.6 3.142713102e-08
2.7 -0.6 7.095498594e-09
2.8 -0.6 1.455498683e-09
2.9 -0.6 2.711528755e-10
3 -0.6 4.585946462e-11
3.1 -0.6 7.038911259e-12
3.2 -0.6 9.80086838e-13

-3.2 -0.5 2.615910571e-17
-3.1 -0.5 9.037492057e-17
-3 -0.5 3.080592614e-16
-2.9 -0.5 1.407504431e-15
-2.8 -0.5 7.434462931e-15
-2.7 -0.5 3.891420629e-14
-2.6 -0.5 1.91149109e-13
-2.5 -0.5 8.698424015e-13
-2.4 -0.5 3.660454227e-12
-2.3 -0.5 1.425690207e-11
-2.2 -0.5 5.146877158e-11
-2.1 -0.5 1.724964326e-10
-2 -0.5 5.375636193e-10
-1.9 -0.5 1.560216208e-09
-1.8 -0.5 4.224111186e-09
-1.7 -0.5 1.068513891e-08
-1.6 -0.5 2.529532676e-08
-1.5 -0.5 5.614072292e-08
-1.4 -0.5 1.170365942e-07
-1.3 -0.5 2.296675921e-07
-1.2 -0.5 4.252948539e-07
-1.1 -0.5 7.454140657e-07
-1 -0.5 1.241302479e-06
-0.9 -0.5 1.973951981e-06
-0.8 -0.5 3.018827754e-06
-0.7 -0.5 4.484546224e-06
-0.6 -0.5 6.561225596e-06
-0.5 -0.5 9.622904231e-06
-0.4 -0.5 1.441748519e-05
-0.3 -0.5 2.238130663e-05
-0.2 -0.5 3.609980706e-05
-0.1 -0.5 5.987762067e-05
0 -0.5 0.0001002563534
0.1 -0.5 0.0001661265223
0.2 -0.5 0.0002678891363
0.3 -0.5 0.0004150987319
0.4 -0.5 0.0006123922032
0.5 -0.5 0.0008544074264
0.6 -0.5 0.001121606866
0.7 -0.5 0.001379741278
0.8 -0.5 0.001585177426
0.9 -0.5 0.001696011193
1 -0.5 0.00168556573
1.1 -0.5 0.001552521181
1.2 -0.5 0.001322526231
1.3 -0.5 0.001039975675
1.4 -0.5 0.0007535965012
1.5 -0.5 0.0005024079853
1.6 -0.5 0.0003077063394
1.7 -0.5 0.0001728978715
1.8 -0.5 8.90172595e-05
1.9 -0.5 4.194613656e-05
2 -0.5 1.807113349e-05
2.1 -0.5 7.111069195e-06
2.2 -0.5 2.553619304e-06
2.3 -0.5 8.361757065e-07
2.4 -0.5 2.494812291e-07
2.5 -0.5 6.777726952e-08
2.6 -0.5 1.675595041e-08
2.7 -0.5 3.76747007e-09
2.8 -0.5 7.700259564e-10
2.9 -0.5 1.429996997e-10
3 -0.5 2.411885944e-11
3.1 -0.5 3.693175326e-12
3.2 -0.5 5.131656834e-13

-3.2 -0.4 4.079338671e-17
-3.1 -0.4 2.002541832e-16
-3 -0.4 1.056453758e-15
-2.9 -0.4 6.070646004e-15
-2.8 -0.4 3.404192565e-14
-2.7 -0.4 1.780536874e-13
-2.6 -0.4 8.587620218e-13
-2.5 -0.4 3.813002936e-12
-2.4 -0.4 1.559901544e-11
-2.3 -0.4 5.888455805e-11
-2.2 -0.4 2.054467912e-10
-2.1 -0.4 6.636549778e-10
-2 -0.4 1.988374457e-09
-1.9 -0.4 5.535350306e-09
-1.8 -0.4 1.434400148e-08
-1.7 -0.4 3.466343908e-08
-1.6 -0.4 7.826420497e-08
-1.5 -0.4 1.654189781e-07
-1.4 -0.4 3.279599797e-07
-1.3 -0.4 6.112504051e-07
-1.2 -0.4 1.073578725e-06
-1.1 -0.4 1.781895034e-06
-1 -0.4 2.804399981e-06
-0.9 -0.4 4.203372871e-06
-0.8 -0.4 6.035405315e-06
-0.7 -0.4 8.37017572e-06
-0.6 -0.4 1.134233869e-05
-0.5 -0.4 1.525331355e-05
-0.4 -0.4 2.073919197e-05
-0.3 -0.4 2.901341004e-05
-0.2 -0.4 4.216970351e-05
-0.1 -0.4 6.348088755e-05
0 -0.4 9.754673724e-05
0.1 -0.4 0.0001500472972
0.2 -0.4 0.0002268056875
0.3 -0.4 0.0003319577335
0.4 -0.4 0.0004653597603
0.5 -0.4 0.0006199287738
0.6 -0.4 0.000780177091
0.7 -0.4 0.000923348967
0.8 -0.4 0.001023885176
0.9 -0.4 0.001060437115
1 -0.4 0.001022991382
1.1 -0.4 0.0009169433522
1.2 -0.4 0.0007619466119
1.3 -0.4 0.0005857701371
1.4 -0.4 0.0004158434833
1.5 -0.4 0.0002721288683
1.6 -0.4 0.0001638931054
1.7 -0.4 9.070691527e-05
1.8 -0.4 4.606970843e-05
1.9 -0.4 2.144538579e-05
2 -0.4 9.138753852e-06
2.1 -0.4 3.561286373e-06
2.2 -0.4 1.267838192e-06
2.3 -0.4 4.119681546e-07
2.4 -0.4 1.220802731e-07
2.5 -0.4 3.296700548e-08
2.6 -0.4 8.10708249e-09
2.7 -0.4 1.814372202e-09
2.8 -0.4 3.693305381e-10
2.9 -0.4 6.834462528e-11
3 -0.4 1.149180191e-11
3.1 -0.4 1.754993233e-12
3.2 -0.4 2.432936868e-13

-3.2 -0.3 1.061007343e-16
-3.1 -0.3 6.852709086e-16
-3 -0.3 4.336386083e-15
-2.9 -0.3 2.630578671e-14
-2.8 -0.3 1.480911166e-13
-2.7 -0.3 7.659787339e-13
-2.6 -0.3 3.634021471e-12
-2.5 -0.3 1.58240139e-11
-2.4 -0.3 6.33221899e-11
-2.3 -0.3 2.332125697e-10
-2.2 -0.3 7.917735677e-10
-2.1 -0.3 2.482194679e-09
-2 -0.3 7.198137319e-09
-1.9 -0.3 1.934393243e-08
-1.8 -0.3 4.826423596e-08
-1.7 -0.3 1.120215236e-07
-1.6 -0.3 2.423465246e-07
-1.5 -0.3 4.896928259e-07
-1.4 -0.3 9.261712145e-07
-1.3 -0.3 1.643310669e-06
-1.2 -0.3 2.741986549e-06
-1.1 -0.3 4.314217651e-06
-1 -0.3 6.420811176e-06
-0.9 -0.3 9.073800003e-06
-0.8 -0.3 1.223620567e-05
-0.7 -0.3 1.585202726e-05
-0.6 -0.3 1.991595744e-05
-0.5 -0.3 2.458604086e-05
-0.4 -0.3 3.033428789e-05
-0.3 -0.3 3.811913603e-05
-0.2 -0.3 4.954574286e-05
-0.1 -0.3 6.695120539e-05
0 -0.3 9.331439765e-05
0.1 -0.3 0.0001318624529
0.2 -0.3 0.0001852660015
0.3 -0.3 0.000254428689
0.4 -0.3 0.0003371009204
0.5 -0.3 0.0004268249428
0.6 -0.3 0.0005128914405
0.7 -0.3 0.0005818543259
0.8 -0.3 0.0006206050017
0.9 -0.3 0.0006201992667
1 -0.3 0.0005789853032
1.1 -0.3 0.0005035842649
1.2 -0.3 0.000407099259
1.3 -0.3 0.0003052061024
1.4 -0.3 0.0002117702322
1.5 -0.3 0.0001357356485
1.6 -0.3 8.022642993e-05
1.7 -0.3 4.365432526e-05
1.8 -0.3 2.183565651e-05
1.9 -0.3 1.002595077e-05
2 -0.3 4.220287863e-06
2.1 -0.3 1.626656426e-06
2.2 -0.3 5.734660454e-07
2.3 -0.3 1.847298295e-07
2.4 -0.3 5.432244131e-08
2.5 -0.3 1.45701437e-08
2.6 -0.3 3.561654239e-09
2.7 -0.3 7.92927834e-10
2.8 -0.3 1.606674007e-10
2.9 -0.3 2.961271835e-11
3 -0.3 4.961972882e-12
3.1 -0.3 7.555192348e-13
3.2 -0.3 1.044694272e-13

-3.2 -0.2 3.715056474e-16
-3.1 -0.2 2.642422356e-15
-3 -0.2 1.746795411e-14
-2.9 -0.2 1.066102916e-13
-2.8 -0.2 5.96183954e-13
-2.7 -0.2 3.049547638e-12
-2.6 -0.2 1.427352096e-11
-2.5 -0.2 6.119412495e-11
-2.4 -0.2 2.406094024e-10
-2.3 -0.2 8.688329081e-10
-2.2 -0.2 2.885503482e-09
-2.1 -0.2 8.827760044e-09
-2 -0.2 2.491977902e-08
-1.9 -0.2 6.502217757e-08
-1.8 -0.2 1.571077778e-07
-1.7 -0.2 3.521949459e-07
-1.6 -0.2 7.339782038e-07
-1.5 -0.2 1.424949261e-06
-1.4 -0.2 2.582697429e-06
-1.3 -0.2 4.380216059e-06
-1.2 -0.2 6.968171799e-06
-1.1 -0.2 1.042526759e-05
-1 -0.2 1.471231572e-05
-0.9 -0.2 1.965154439e-05
-0.8 -0.2 2.495052733e-05
-0.7 -0.2 3.027901693e-05
-0.6 -0.2 3.539072688e-05
-0.5 -0.2 4.026738707e-05
-0.4 -0.2 4.525433641e-05
-0.3 -0.2 5.115566692e-05
-0.2 -0.2 5.925772654e-05
-0.1 -0.2 7.124750845e-05
0 -0.2 8.898828457e-05
0.1 -0.2 0.0001141205747
0.2 -0.2 0.0001474915725
0.3 -0.2 0.0001884944197
0.4 -0.2 0.0002345088975
0.5 -0.2 0.0002807262908
0.6 -0.2 0.0003206325618
0.7 -0.2 0.0003472500764
0.8 -0.2 0.0003549144564
0.9 -0.2 0.0003410240396
1 -0.2 0.0003070539923
1.1 -0.2 0.00025832856
1.2 -0.2 0.000202553282
1.3 -0.2 0.0001476691084
1.4 -0.2 9.987894294e-05
1.5 -0.2 6.254727529e-05
1.6 -0.2 3.619667654e-05
1.7 -0.2 1.932349252e-05
1.8 -0.2 9.500401e-06
1.9 -0.2 4.295066175e-06
2 -0.2 1.78298978e-06
2.1 -0.2 6.787401206e-07
2.2 -0.2 2.36647289e-07
2.3 -0.2 7.548341646e-08
2.4 -0.2 2.200397295e-08
2.5 -0.2 5.856450563e-09
2.6 -0.2 1.421905066e-09
2.7 -0.2 3.146740722e-10
2.8 -0.2 6.342900215e-11
2.9 -0.2 1.163760818e-11
3 -0.2 1.942374286e-12
3.1 -0.2 2.947637799e-13
3.2 -0.2 4.064495974e-14

-3.2 -0.1 1.348527732e-15
-3.1 -0.1 9.80288029e-15
-3 -0.1 6.520918673e-14
-2.9 -0.1 3.96486542e-13
-2.8 -0.1 2.200394066e-12
-2.7 -0.1 1.114806248e-11
-2.6 -0.1 5.160167323e-11
-2.5 -0.1 2.184398456e-10
-2.4 -0.1 8.466355226e-10
-2.3 -0.1 3.008117064e-09
-2.2 -0.1 9.810836116e-09
-2.1 -0.1 2.941386495e-08
-2 -0.1 8.118900186e-08
-1.9 -0.1 2.066560533e-07
-1.8 -0.1 4.85908022e-07
-1.7 -0.1 1.057320031e-06
-1.6 -0.1 2.133237005e-06
-1.5 -0.1 3.998793623e-06
-1.4 -0.1 6.9790849e-06
-1.3 -0.1 1.136632729e-05
-1.2 -0.1 1.731514328e-05
-1.1 -0.1 2.473573755e-05
-1 -0.1 3.323011606e-05
-0.9 -0.1 4.211358242e-05
-0.8 -0.1 5.053845127e-05
-0.7 -0.1 5.769813156e-05
-0.6 -0.1 6.30557174e-05
-0.5 -0.1 6.652885242e-05
-0.4 -0.1 6.857683468e-05
-0.3 -0.1 7.016702836e-05
-0.2 -0.1 7.262841193e-05
-0.1 -0.1 7.741736194e-05
0 -0.1 8.58237323e-05
0.1 -0.1 9.864514335e-05
0.2 -0.1 0.0001158685788
0.3 -0.1 0.0001364260948
0.4 -0.1 0.0001581226456
0.5 -0.1 0.0001778390368
0.6 -0.1 0.0001920611766
0.7 -0.1 0.0001976716926
0.8 -0.1 0.0001927991061
0.9 -0.1 0.0001774287005
1 -0.1 0.0001535120284
1.1 -0.1 0.00012448562
1.2 -0.1 9.435365377e-05
1.3 -0.1 6.66761221e-05
1.4 -0.1 4.382727004e-05
1.5 -0.1 2.6738607e-05
1.6 -0.1 1.51102134e-05
1.7 -0.1 7.894264121e-06
1.8 -0.1 3.806144222e-06
1.9 -0.1 1.690690218e-06
2 -0.1 6.908255566e-07
2.1 -0.1 2.592774577e-07
2.2 -0.1 8.926149082e-08
2.3 -0.1 2.815272601e-08
2.4 -0.1 8.125102311e-09
2.5 -0.1 2.143501497e-09
2.6 -0.1 5.163894077e-10
2.7 -0.1 1.13500358e-10
2.8 -0.1 2.274186572e-11
2.9 -0.1 4.150909484e-12
3 -0.1 6.897259768e-13
3.1 -0.1 1.042864877e-13
3.2 -0.1 1.433951348e-14

-3.2 0 4.597136803e-15
-3.1 0 3.350024889e-14
-3 0 2.223741515e-13
-2.9 0 1.344998651e-12
-2.8 0 7.413179085e-12
-2.7 0 3.725485186e-11
-2.6 0 1.708458424e-10
-2.5 0 7.155978307e-10
-2.4 0 2.740421452e-09
-2.3 0 9.60571026e-09
-2.2 0 3.085500205e-08
-2.1 0 9.09425811e-08
-2 0 2.462968586e-07
-1.9 0 6.138304372e-07
-1.8 0 1.410030885e-06
-1.7 0 2.990457737e-06
-1.6 0 5.866243085e-06
-1.5 0 1.066418764e-05
-1.4 0 1.800206134e-05
-1.3 0 2.827988663e-05
-1.2 0 4.143690695e-05
-1.1 0 5.67694539e-05
-1 0 7.29144137e-05
-0.9 0 8.805661961e-05
-0.8 0 0.0001003287593
-0.7 0 0.0001082828799
-0.6 0 0.0001112726007
-0.5 0 0.0001096174468
-0.4 0 0.0001045067985
-0.3 0 9.769449394e-05
-0.2 0 9.109228221e-05
-0.1 0 8.637426252e-05
0 0 8.466930852e-05
0.1 0 8.637426252e-05
0.2 0 9.10922822e-05
0.3 0 9.769449393e-05
0.4 0 0.0001045067985
0.5 0 0.0001096174468
0.6 0 0.0001112726007
0.7 0 0.0001082828799
0.8 0 0.0001003287592
0.9 0 8.80566196e-05
1 0 7.291441369e-05
1.1 0 5.676945389e-05
1.2 0 4.143690694e-05
1.3 0 2.827988662e-05
1.4 0 1.800206134e-05
1.5 0 1.066418764e-05
1.6 0 5.866243083e-06
1.7 0 2.990457736e-06
1.8 0 1.410030884e-06
1.9 0 6.138304371e-07
2 0 2.462968585e-07
2.1 0 9.094258106e-08
2.2 0 3.085500203e-08
2.3 0 9.605710249e-09
2.4 0 2.740421446e-09
2.5 0 7.155978268e-10
2.6 0 1.708458403e-10
2.7 0 3.725485075e-11
2.8 0 7.41317795e-12
2.9 0 1.344997696e-12
3 0 2.223735951e-13
3.1 0 3.349993556e-14
3.2 0 4.596977396e-15

-3.2 0.1 1.433954514e-14
-3.1 0.1 1.042867611e-13
-3 0.1 6.897265299e-13
-2.9 0.1 4.150910258e-12
-2.8 0.1 2.274186651e-11
-2.7 0.1 1.135003589e-10
-2.6 0.1 5.163894096e-10
-2.5 0.1 2.143501501e-09
-2.4 0.1 8.125102318e-09
-2.3 0.1 2.815272603e-08
-2.2 0.1 8.926149085e-08
-2.1 0.1 2.592774577e-07
-2 0.1 6.908255567e-07
-1.9 0.1 1.690690218e-06
-1.8 0.1 3.806144222e-06
-1.7 0.1 7.894264123e-06
-1.6 0.1 1.511021341e-05
-1.5 0.1 2.673860701e-05
-1.4 0.1 4.382727004e-05
-1.3 0.1 6.667612211e-05
-1.2 0.1 9.435365379e-05
-1.1 0.1 0.00012448562
-1 0.1 0.0001535120285
-0.9 0.1 0.0001774287005
-0.8 0.1 0.0001927991062
-0.7 0.1 0.0001976716926
-0.6 0.1 0.0001920611766
-0.5 0.1 0.0001778390368
-0.4 0.1 0.0001581226456
-0.3 0.1 0.0001364260948
-0.2 0.1 0.0001158685788
-0.1 0.1 9.864514336e-05
0 0.1 8.582373231e-05
0.1 0.1 7.741736194e-05
0.2 0.1 7.262841192e-05
0.3 0.1 7.016702836e-05
0.4 0.1 6.857683467e-05
0.5 0.1 6.652885241e-05
0.6 0.1 6.305571739e-05
0.7 0.1 5.769813155e-05
0.8 0.1 5.053845127e-05
0.9 0.1 4.211358241e-05
1 0.1 3.323011606e-05
1.1 0.1 2.473573755e-05
1.2 0.1 1.731514327e-05
1.3 0.1 1.136632729e-05
1.4 0.1 6.979084899e-06
1.5 0.1 3.998793622e-06
1.6 0.1 2.133237004e-06
1.7 0.1 1.057320031e-06
1.8 0.1 4.859080219e-07
1.9 0.1 2.066560532e-07
2 0.1 8.118900183e-08
2.1 0.1 2.941386493e-08
2.2 0.1 9.810836102e-09
2.3 0.1 3.008117053e-09
2.4 0.1 8.466355153e-10
2.5 0.1 2.184398409e-10
2.6 0.1 5.160167047e-11
2.7 0.1 1.114806068e-11
2.8 0.1 2.200392707e-12
2.9 0.1 3.964855105e-13
3 0.1 6.520876285e-14
3.1 0.1 9.802665331e-15
3.2 0.1 1.348390853e-15

-3.2 0.2 4.064503227e-14
-3.1 0.2 2.947638119e-13
-3 0.2 1.942374587e-12
-2.9 0.2 1.163760861e-11
-2.8 0.2 6.342900248e-11
-2.7 0.2 3.146740729e-10
-2.6 0.2 1.421905068e-09
-2.5 0.2 5.856450567e-09
-2.4 0.2 2.200397296e-08
-2.3 0.2 7.548341648e-08
-2.2 0.2 2.36647289e-07
-2.1 0.2 6.787401208e-07
-2 0.2 1.78298978e-06
-1.9 0.2 4.295066176e-06
-1.8 0.2 9.500401002e-06
-1.7 0.2 1.932349252e-05
-1.6 0.2 3.619667654e-05
-1.5 0.2 6.25472753e-05
-1.4 0.2 9.987894296e-05
-1.3 0.2 0.0001476691084
-1.2 0.2 0.0002025532821
-1.1 0.2 0.0002583285601
-1 0.2 0.0003070539923
-0.9 0.2 0.0003410240396
-0.8 0.2 0.0003549144565
-0.7 0.2 0.0003472500764
-0.6 0.2 0.0003206325619
-0.5 0.2 0.0002807262908
-0.4 0.2 0.0002345088975
-0.3 0.2 0.0001884944198
-0.2 0.2 0.0001474915726
-0.1 0.2 0.0001141205747
0 0.2 8.898828458e-05
0.1 0.2 7.124750845e-05
0.2 0.2 5.925772654e-05
0.3 0.2 5.115566692e-05
0.4 0.2 4.525433641e-05
0.5 0.2 4.026738707e-05
0.6 0.2 3.539072687e-05
0.7 0.2 3.027901692e-05
0.8 0.2 2.495052733e-05
0.9 0.2 1.965154439e-05
1 0.2 1.471231572e-05
1.1 0.2 1.042526759e-05
1.2 0.2 6.968171798e-06
1.3 0.2 4.380216059e-06
1.4 0.2 2.582697428e-06
1.5 0.2 1.42494926e-06
1.6 0.2 7.339782036e-07
1.7 0.2 3.521949458e-07
1.8 0.2 1.571077778e-07
1.9 0.2 6.502217753e-08
2 0.2 2.491977899e-08
2.1 0.2 8.827760025e-09
2.2 0.2 2.885503468e-09
2.3 0.2 8.688328974e-10
2.4 0.2 2.406093945e-10
2.5 0.2 6.119411942e-11
2.6 0.2 1.427351707e-11
2.7 0.2 3.049544617e-12
2.8 0.2 5.961816927e-13
2.9 0.2 1.066083112e-13
3 0.2 1.746678793e-14
3.1 0.2 2.64195454e-15
3.2 0.2 3.714110579e-16

-3.2 0.3 1.044695229e-13
-3.1 0.3 7.555192703e-13
-3 0.3 4.96197301e-12
-2.9 0.3 2.961271861e-11
-2.8 0.3 1.606674008e-10
-2.7 0.3 7.929278345e-10
-2.6 0.3 3.56165424e-09
-2.5 0.3 1.45701437e-08
-2.4 0.3 5.432244132e-08
-2.3 0.3 1.847298295e-07
-2.2 0.3 5.734660455e-07
-2.1 0.3 1.626656427e-06
-2 0.3 4.220287864e-06
-1.9 0.3 1.002595077e-05
-1.8 0.3 2.183565652e-05
-1.7 0.3 4.365432526e-05
-1.6 0.3 8.022642994e-05
-1.5 0.3 0.0001357356485
-1.4 0.3 0.0002117702323
-1.3 0.3 0.0003052061025
-1.2 0.3 0.0004070992591
-1.1 0.3 0.000503584265
-1 0.3 0.0005789853033
-0.9 0.3 0.0006201992668
-0.8 0.3 0.0006206050018
-0.7 0.3 0.000581854326
-0.6 0.3 0.0005128914406
-0.5 0.3 0.0004268249428
-0.4 0.3 0.0003371009205
-0.3 0.3 0.0002544286891
-0.2 0.3 0.0001852660015
-0.1 0.3 0.0001318624529
0 0.3 9.331439766e-05
0.1 0.3 6.695120539e-05
0.2 0.3 4.954574287e-05
0.3 0.3 3.811913603e-05
0.4 0.3 3.033428789e-05
0.5 0.3 2.458604086e-05
0.6 0.3 1.991595744e-05
0.7 0.3 1.585202726e-05
0.8 0.3 1.223620567e-05
0.9 0.3 9.073800001e-06
1 0.3 6.420811175e-06
1.1 0.3 4.31421765e-06
1.2 0.3 2.741986549e-06
1.3 0.3 1.643310669e-06
1.4 0.3 9.261712143e-07
1.5 0.3 4.896928258e-07
1.6 0.3 2.423465245e-07
1.7 0.3 1.120215236e-07
1.8 0.3 4.826423592e-08
1.9 0.3 1.93439324e-08
2 0.3 7.198137297e-09
2.1 0.3 2.482194662e-09
2.2 0.3 7.917735541e-10
2.3 0.3 2.33212559e-10
2.4 0.3 6.332218181e-11
2.5 0.3 1.582400775e-11
2.6 0.3 3.63401706e-12
2.7 0.3 7.659754345e-13
2.8 0.3 1.480888104e-13
2.9 0.3 2.6304061e-14
3 0.3 4.335620209e-15
3.1 0.3 6.849669117e-16
3.2 0.3 1.060057189e-16

-3.2 0.4 2.432937192e-13
-3.1 0.4 1.754993176e-12
-3 0.4 1.149180189e-11
-2.9 0.4 6.834462526e-11
-2.8 0.4 3.693305379e-10
-2.7 0.4 1.814372202e-09
-2.6 0.4 8.107082492e-09
-2.5 0.4 3.296700548e-08
-2.4 0.4 1.220802731e-07
-2.3 0.4 4.119681547e-07
-2.2 0.4 1.267838192e-06
-2.1 0.4 3.561286374e-06
-2 0.4 9.138753854e-06
-1.9 0.4 2.14453858e-05
-1.8 0.4 4.606970843e-05
-1.7 0.4 9.070691529e-05
-1.6 0.4 0.0001638931054
-1.5 0.4 0.0002721288683
-1.4 0.4 0.0004158434833
-1.3 0.4 0.0005857701372
-1.2 0.4 0.000761946612
-1.1 0.4 0.0009169433524
-1 0.4 0.001022991382
-0.9 0.4 0.001060437115
-0.8 0.4 0.001023885176
-0.7 0.4 0.0009233489672
-0.6 0.4 0.0007801770911
-0.5 0.4 0.0006199287739
-0.4 0.4 0.0004653597603
-0.3 0.4 0.0003319577336
-0.2 0.4 0.0002268056876
-0.1 0.4 0.0001500472972
0 0.4 9.754673725e-05
0.1 0.4 6.348088756e-05
0.2 0.4 4.216970352e-05
0.3 0.4 2.901341004e-05
0.4 0.4 2.073919197e-05
0.5 0.4 1.525331355e-05
0.6 0.4 1.134233869e-05
0.7 0.4 8.370175719e-06
0.8 0.4 6.035405315e-06
0.9 0.4 4.20337287e-06
1 0.4 2.804399981e-06
1.1 0.4 1.781895034e-06
1.2 0.4 1.073578725e-06
1.3 0.4 6.11250405e-07
1.4 0.4 3.279599797e-07
1.5 0.4 1.65418978e-07
1.6 0.4 7.826420493e-08
1.7 0.4 3.466343904e-08
1.8 0.4 1.434400145e-08
1.9 0.4 5.535350282e-09
2 0.4 1.988374437e-09
2.1 0.4 6.636549617e-10
2.2 0.4 2.054467776e-10
2.3 0.4 5.888454678e-11
2.4 0.4 1.559900648e-11
2.5 0.4 3.812995758e-12
2.6 0.4 8.587563263e-13
2.7 0.4 1.780486277e-13
2.8 0.4 3.403785325e-14
2.9 0.4 6.067728987e-15
3 0.4 1.054961675e-15
3.1 0.4 1.997750002e-16
3.2 0.4 4.08782605e-17

-3.2 0.5 5.131656158e-13
-3.1 0.5 3.69317516e-12
-3 0.5 2.41188591e-11
-2.9 0.5 1.429996993e-10
-2.8 0.5 7.70025956e-10
-2.7 0.5 3.767470071e-09
-2.6 0.5 1.675595041e-08
-2.5 0.5 6.777726953e-08
-2.4 0.5 2.494812292e-07
-2.3 0.5 8.361757067e-07
-2.2 0.5 2.553619305e-06
-2.1 0.5 7.111069197e-06
-2 0.5 1.807113349e-05
-1.9 0.5 4.194613657e-05
-1.8 0.5 8.901725952e-05
-1.7 0.5 0.0001728978715
-1.6 0.5 0.0003077063394
-1.5 0.5 0.0005024079854
-1.4 0.5 0.0007535965013
-1.3 0.5 0.001039975675
-1.2 0.5 0.001322526231
-1.1 0.5 0.001552521182
-1 0.5 0.00168556573
-0.9 0.5 0.001696011193
-0.8 0.5 0.001585177426
-0.7 0.5 0.001379741278
-0.6 0.5 0.001121606866
-0.5 0.5 0.0008544074266
-0.4 0.5 0.0006123922033
-0.3 0.5 0.000415098732
-0.2 0.5 0.0002678891363
-0.1 0.5 0.0001661265223
0 0.5 0.0001002563534
0.1 0.5 5.987762067e-05
0.2 0.5 3.609980707e-05
0.3 0.5 2.238130663e-05
0.4 0.5 1.441748519e-05
0.5 0.5 9.622904231e-06
0.6 0.5 6.561225596e-06
0.7 0.5 4.484546224e-06
0.8 0.5 3.018827754e-06
0.9 0.5 1.973951981e-06
1 0.5 1.241302479e-06
1.1 0.5 7.454140656e-07
1.2 0.5 4.252948538e-07
1.3 0.5 2.296675921e-07
1.4 0.5 1.170365942e-07
1.5 0.5 5.614072288e-08
1.6 0.5 2.529532673e-08
1.7 0.5 1.068513888e-08
1.8 0.5 4.22411116e-09
1.9 0.5 1.560216186e-09
2 0.5 5.375636008e-10
2.1 0.5 1.724964174e-10
2.2 0.5 5.146875882e-11
2.3 0.5 1.425689155e-11
2.4 0.5 3.660445393e-12
2.5 0.5 8.698352662e-13
2.6 0.5 1.911432255e-13
2.7 0.5 3.890917824e-14
2.8 0.5 7.430334851e-15
2.9 0.5 1.404353355e-15
3 0.5 3.062177143e-16
3.1 0.5 8.992319113e-17
3.2 0.5 2.614056063e-17

-3.2 0.6 9.80086835e-13
-3.1 0.6 7.038910999e-12
-3 0.6 4.585946405e-11
-2.9 0.6 2.71152875e-10
-2.8 0.6 1.455498682e-09
-2.7 0.6 7.095498595e-09
-2.6 0.6 3.142713102e-08
-2.5 0.6 1.265238904e-07
-2.4 0.6 4.632349544e-07
-2.3 0.6 1.543219102e-06
-2.2 0.6 4.68070452e-06
-2.1 0.6 1.293413896e-05
-2 0.6 3.258512085e-05
-1.9 0.6 7.490303023e-05
-1.8 0.6 0.0001572362658
-1.7 0.6 0.0003017097423
-1.6 0.6 0.0005297329742
-1.5 0.6 0.0008520093857
-1.4 0.6 0.00125685254
-1.3 0.6 0.001702776997
-1.2 0.6 0.002121768984
-1.1 0.6 0.002435546508
-1 0.6 0.002579932583
-0.9 0.6 0.002526753376
-0.8 0.6 0.002292845552
-0.7 0.6 0.001932251118
-0.6 0.6 0.00151628827
-0.5 0.6 0.001111377105
-0.4 0.6 0.0007636418758
-0.3 0.6 0.0004941219225
-0.2 0.6 0.0003028629282
-0.1 0.6 0.00017724574
0 0.6 0.0001001383594
0.1 0.6 5.544316812e-05
0.2 0.6 3.066263569e-05
0.3 0.6 1.729060526e-05
0.4 0.6 1.010020934e-05
0.5 0.6 6.13740671e-06
0.6 0.6 3.843282555e-06
0.7 0.6 2.436230654e-06
0.8 0.6 1.533540444e-06
0.9 0.6 9.432802358e-07
1 0.6 5.602312207e-07
1.1 0.6 3.185680577e-07
1.2 0.6 1.724006357e-07
1.3 0.6 8.840324865e-08
1.4 0.6 4.280855284e-08
1.5 0.6 1.95236517e-08
1.6 0.6 8.367515682e-09
1.7 0.6 3.363702429e-09
1.8 0.6 1.266222934e-09
1.9 0.6 4.456946988e-10
2 0.6 1.464927618e-10
2.1 0.6 4.490513814e-11
2.2 0.6 1.282164573e-11
2.3 0.6 3.405962566e-12
2.4 0.6 8.408519361e-13
2.5 0.6 1.928338549e-13
2.6 0.6 4.117557163e-14
2.7 0.6 8.306598641e-15
2.8 0.6 1.684970845e-15
2.9 0.6 4.12086079e-16
3 0.6 1.483527576e-16
3.1 0.6 6.671629273e-17
3.2 0.6 2.331492341e-17

-3.2 0.7 1.694646971e-12
-3.1 0.7 1.214809792e-11
-3 0.7 7.897769277e-11
-2.9 0.7 4.658227727e-10
-2.8 0.7 2.493386328e-09
-2.7 0.7 1.211582799e-08
-2.6 0.7 5.346475799e-08
-2.5 0.7 2.143410776e-07
-2.4 0.7 7.810096189e-07
-2.3 0.7 2.587793258e-06
-2.2 0.7 7.801084552e-06
-2.1 0.7 2.140846005e-05
-2 0.7 5.351784275e-05
-1.9 0.7 0.0001219548992
-1.8 0.7 0.000253525457
-1.7 0.7 0.0004812067937
-1.6 0.7 0.0008347006255
-1.5 0.7 0.001324516359
-1.4 0.7 0.001924826108
-1.3 0.7 0.002564828065
-1.2 0.7 0.003137848651
-1.1 0.7 0.003529731988
-1 0.7 0.003656601203
-0.9 0.7 0.003494613935
-0.8 0.7 0.003087074186
-0.7 0.7 0.002526149038
-0.6 0.7 0.001919528528
-0.5 0.7 0.001358231943
-0.4 0.7 0.0008979246489
-0.3 0.7 0.000556878805
-0.2 0.7 0.0003256860745
-0.1 0.7 0.0001808770863
0 0.7 9.631787416e-05
0.1 0.7 4.984398445e-05
0.2 0.7 2.552140586e-05
0.3 0.7 1.320787999e-05
0.4 0.7 7.046815275e-06
0.5 0.7 3.917171811e-06
0.6 0.7 2.260124096e-06
0.7 0.7 1.33248998e-06
0.8 0.7 7.867652561e-07
0.9 0.7 4.56824729e-07
1 0.7 2.572094485e-07
1.1 0.7 1.39030116e-07
1.2 0.7 7.163903274e-08
1.3 0.7 3.501010992e-08
1.4 0.7 1.616478151e-08
1.5 0.7 7.030146563e-09
1.6 0.7 2.872807878e-09
1.7 0.7 1.10079072e-09
1.8 0.7 3.94827388e-10
1.9 0.7 1.323663222e-10
2 0.7 4.142622907e-11
2.1 0.7 1.209047098e-11
2.2 0.7 3.287774797e-12
2.3 0.7 8.325177205e-13
2.4 0.7 1.963364594e-13
2.5 0.7 4.326578344e-14
2.6 0.7 9.05728167e-15
2.7 0.7 1.93119625e-15
2.8 0.7 5.146954931e-16
2.9 0.7 2.123000694e-16
3 0.7 1.157192562e-16
3.1 0.7 6.117121841e-17
3.2 0.7 2.200769094e-17

-3.2 0.8 2.65245822e-12
-3.1 0.8 1.898209664e-11
-3 0.8 1.231699746e-10
-2.9 0.8 7.248687694e-10
-2.8 0.8 3.870114309e-09
-2.7 0.8 1.875094178e-08
-2.6 0.8 8.246979255e-08
-2.5 0.8 3.293753115e-07
-2.4 0.8 1.19503019e-06
-2.3 0.8 3.940422858e-06
-2.2 0.8 1.181370177e-05
-2.1 0.8 3.222047403e-05
-2 0.8 7.998829801e-05
-1.9 0.8 0.0001808588853
-1.8 0.8 0.0003727082508
-1.7 0.8 0.0007005512673
-1.6 0.8 0.001202016355
-1.5 0.8 0.001884399124
-1.4 0.8 0.002701830204
-1.3 0.8 0.003546812421
-1.2 0.8 0.0042680733
-1.1 0.8 0.00471420728
-1 0.8 0.004786254182
-0.9 0.8 0.004473893428
-0.8 0.8 0.003856974476
-0.7 0.8 0.003072828414
-0.6 0.8 0.002267418738
-0.5 0.8 0.001553616755
-0.4 0.8 0.000991493327
-0.3 0.8 0.0005915192001
-0.2 0.8 0.0003314423046
-0.1 0.8 0.0001755076086
0 0.8 8.858278511e-05
0.1 0.8 4.313342124e-05
0.2 0.8 2.06041223e-05
0.3 0.8 9.863176808e-06
0.4 0.8 4.839153437e-06
0.5 0.8 2.473064327e-06
0.6 0.8 1.31942563e-06
0.7 0.8 7.257836456e-07
0.8 0.8 4.033579161e-07
0.9 0.8 2.219450411e-07
1 0.8 1.189721308e-07
1.1 0.8 6.140745789e-08
1.2 0.8 3.027040348e-08
1.3 0.8 1.416756086e-08
1.4 0.8 6.268356225e-09
1.5 0.8 2.612796391e-09
1.6 0.8 1.023140698e-09
1.7 0.8 3.755120078e-10
1.8 0.8 1.289157801e-10
1.9 0.8 4.132849096e-11
2 0.8 1.235505082e-11
2.1 0.8 3.440412043e-12
2.2 0.8 8.917659123e-13
2.3 0.8 2.152274141e-13
2.4 0.8 4.854238525e-14
2.5 0.8 1.040612112e-14
2.6 0.8 2.276184829e-15
2.7 0.8 6.310830874e-16
2.8 0.8 2.810782701e-16
2.9 0.8 1.71104591e-16
3 0.8 1.074030487e-16
3.1 0.8 5.889879352e-17
3.2 0.8 2.136964579e-17

-3.2 0.9 3.757785506e-12
-3.1 0.9 2.685115471e-11
-3 0.9 1.739274266e-10
-2.9 0.9 1.021536926e-09
-2.8 0.9 5.441543886e-09
-2.7 0.9 2.629553643e-08
-2.6 0.9 1.153067473e-07
-2.5 0.9 4.589587567e-07
-2.4 0.9 1.658769668e-06
-2.3 0.9 5.445708001e-06
-2.2 0.9 1.624640995e-05
-2.1 0.9 4.406486198e-05
-2 0.9 0.0001087117517
-1.9 0.9 0.0002440892533
-1.8 0.9 0.0004990820144
-1.7 0.9 0.0009298986056
-1.6 0.9 0.001580002882
-1.5 0.9 0.002450127374
-1.4 0.9 0.00347066528
-1.3 0.9 0.004495245067
-1.2 0.9 0.005329378348
-1.1 0.9 0.005790230326
-1 0.9 0.005772691997
-0.9 0.9 0.00528874281
-0.8 0.9 0.004459818751
-0.7 0.9 0.003467817441
-0.6 0.9 0.002491475967
-0.5 0.9 0.001657824083
-0.4 0.9 0.001024470087
-0.3 0.9 0.0005899141785
-0.2 0.9 0.000317856475
-0.1 0.9 0.0001611493488
0 0.9 7.746289618e-05
0.1 0.9 3.568965064e-05
0.2 0.9 1.600611884e-05
0.3 0.9 7.134345561e-06
0.4 0.9 3.237859139e-06
0.5 0.9 1.527921784e-06
0.6 0.9 7.560392658e-07
0.7 0.9 3.89025084e-07
0.8 0.9 2.040867078e-07
0.9 0.9 1.067789207e-07
1 0.9 5.470055361e-08
1.1 0.9 2.707067867e-08
1.2 0.9 1.282166113e-08
1.3 0.9 5.773805109e-09
1.4 0.9 2.460022372e-09
1.5 0.9 9.879310982e-10
1.6 0.9 3.727983748e-10
1.7 0.9 1.318361413e-10
1.8 0.9 4.359294928e-11
1.9 0.9 1.345115522e-11
2 0.9 3.866671118e-12
2.1 0.9 1.034200386e-12
2.2 0.9 2.572947734e-13
2.3 0.9 5.970853225e-14
2.4 0.9 1.311686406e-14
2.5 0.9 2.904189826e-15
2.6 0.9 7.960461286e-16
2.7 0.9 3.559179533e-16
2.8 0.9 2.300616028e-16
2.9 0.9 1.59692437e-16
3 0.9 1.036986399e-16
3.1 0.9 5.73034087e-17
3.2 0.9 2.079767616e-17

-3.2 1 4.818345908e-12
-3.1 1 3.438149398e-11
-3 1 2.223535888e-10
-2.9 1 1.303596153e-09
-2.8 1 6.929619713e-09
-2.7 1 3.340713856e-08
-2.6 1 1.460961486e-07
-2.5 1 5.797289114e-07
-2.4 1 2.087983638e-06
-2.3 1 6.827909579e-06
-2.2 1 2.027982817e-05
-2.1 1 5.473058521e-05
-2 1 0.000134269224
-1.9 1 0.000299580986
-1.8 1 0.0006082410393
-1.7 1 0.001124389819
-1.6 1 0.001893737956
-1.5 1 0.002908007369
-1.4 1 0.004074613262
-1.3 1 0.005213992791
-1.2 1 0.006099085041
-1.1 1 0.006528752395
-1 1 0.006402912707
-0.9 1 0.00576068536
-0.8 1 0.004761601803
-0.7 1 0.003621809719
-0.6 1 0.002539794559
-0.5 1 0.001645507171
-0.4 1 0.0009874557737
-0.3 1 0.0005505096905
-0.2 1 0.0002862098228
-0.1 1 0.0001394528813
0 1 6.411369497e-05
0.1 1 2.808585062e-05
0.2 1 1.189023898e-05
0.3 1 4.962635553e-06
0.4 1 2.093843182e-06
0.5 1 9.155887291e-07
0.6 1 4.210567266e-07
0.7 1 2.029793028e-07
0.8 1 1.00702159e-07
0.9 1 5.021801103e-08
1 1 2.465463357e-08
1.1 1 1.173530629e-08
1.2 1 5.35852246e-09
1.3 1 2.330031251e-09
1.4 1 9.596947561e-10
1.5 1 3.728867818e-10
1.6 1 1.362187708e-10
1.7 1 4.665198626e-11
1.8 1 1.494131945e-11
1.9 1 4.465186605e-12
2 1 1.242881771e-12
2.1 1 3.218929012e-13
2.2 1 7.768954691e-14
2.3 1 1.767345152e-14
2.4 1 3.981590863e-15
2.5 1 1.055785175e-15
2.6 1 4.441772441e-16
2.7 1 2.890892746e-16
2.8 1 2.136925082e-16
2.9 1 1.530379833e-16
3 1 1.000435593e-16
3.1 1 5.543764794e-17
3.2 1 2.006035967e-17

-3.2 1.1 5.591412987e-12
-3.1 1.1 3.984716233e-11
-3 1.1 2.573311958e-10
-2.9 1.1 1.506176473e-09
-2.8 1.1 7.991414516e-09
-2.7 1.1 3.844322545e-08
-2.6 1.1 1.677092947e-07
-2.5 1.1 6.636484519e-07
-2.4 1.1 2.382735566e-06
-2.3 1.1 7.764175875e-06
-2.2 1.1 2.296860229e-05
-2.1 1.1 6.170860149e-05
-2 1.1 0.0001506249117
-1.9 1.1 0.0003341745055
-1.8 1.1 0.0006741862377
-1.7 1.1 0.001237491935
-1.6 1.1 0.002067807516
-1.5 1.1 0.003147446454
-1.4 1.1 0.00436708022
-1.3 1.1 0.005527702828
-1.2 1.1 0.00638838145
-1.1 1.1 0.006747483411
-1 1.1 0.006520117989
-0.9 1.1 0.0057708765
-0.8 1.1 0.004684589823
-0.7 1.1 0.003492911418
-0.6 1.1 0.002396183824
-0.5 1.1 0.001515339397
-0.4 1.1 0.0008854061396
-0.3 1.1 0.0004792959434
-0.2 1.1 0.0002411964826
-0.1 1.1 0.0001133361371
0 1.1 5.003014505e-05
0.1 1.1 2.092885822e-05
0.2 1.1 8.40423629e-06
0.3 1.1 3.300933759e-06
0.4 1.1 1.300478041e-06
0.5 1.1 5.284708438e-07
0.6 1.1 2.261363305e-07
0.7 1.1 1.021710781e-07
0.8 1.1 4.796692806e-08
0.9 1.1 2.282778705e-08
1 1.1 1.076002054e-08
1.1 1.1 4.936436093e-09
1.2 1.1 2.178069325e-09
1.3 1.1 9.167690489e-10
1.4 1.1 3.659963745e-10
1.5 1.1 1.379832307e-10
1.6 1.1 4.89523809e-11
1.7 1.1 1.629346213e-11
1.8 1.1 5.074624999e-12
1.9 1.1 1.475587439e-12
2 1.1 3.999479202e-13
2.1 1.1 1.010950237e-13
2.2 1.1 2.402937957e-14
2.3 1.1 5.577393966e-15
2.4 1.1 1.446734743e-15
2.5 1.1 5.577559579e-16
2.6 1.1 3.489935685e-16
2.7 1.1 2.675992846e-16
2.8 1.1 2.052441847e-16
2.9 1.1 1.478762034e-16
3 1.1 9.704039293e-17
3.1 1.1 5.380380386e-17
3.2 1.1 1.946543869e-17

-3.2 1.2 5.871956033e-12
-3.1 1.2 4.179793287e-11
-3 1.2 2.695749763e-10
-2.9 1.2 1.57547182e-09
-2.8 1.2 8.344751396e-09
-2.7 1.2 4.006461937e-08
-2.6 1.2 1.743951734e-07
-2.5 1.2 6.883720017e-07
-2.4 1.2 2.464484444e-06
-2.3 1.2 8.004833696e-06
-2.2 1.2 2.359513864e-05
-2.1 1.2 6.313497544e-05
-2 1.2 0.000153405879
-1.9 1.2 0.0003386110957
-1.8 1.2 0.0006792463944
-1.7 1.2 0.00123885131
-1.6 1.2 0.002055400305
-1.5 1.2 0.003103859549
-1.4 1.2 0.004268793078
-1.3 1.2 0.005350612839
-1.2 1.2 0.006116850063
-1.1 1.2 0.006383299276
-1 1.2 0.006086456102
-0.9 1.2 0.005308140165
-0.8 1.2 0.004239271197
-0.7 1.2 0.003104482361
-0.6 1.2 0.002087827467
-0.5 1.2 0.00129171239
-0.4 1.2 0.0007367018369
-0.3 1.2 0.0003882752371
-0.2 1.2 0.0001896855683
-0.1 1.2 8.623667064e-05
0 1.2 3.668206148e-05
0.1 1.2 1.471237483e-05
0.2 1.2 5.628618441e-06
0.3 1.2 2.090005514e-06
0.4 1.2 7.719865088e-07
0.5 1.2 2.922665444e-07
0.6 1.2 1.164281898e-07
0.7 1.2 4.926892527e-08
0.8 1.2 2.187645808e-08
0.9 1.2 9.937620932e-09
1 1.2 4.501028245e-09
1.1 1.2 1.99278312e-09
1.2 1.2 8.508656387e-10
1.3 1.2 3.472254301e-10
1.4 1.2 1.345901069e-10
1.5 1.2 4.932476102e-11
1.6 1.2 1.702833627e-11
1.7 1.2 5.520691974e-12
1.8 1.2 1.676423143e-12
1.9 1.2 4.75842474e-13
2 1.2 1.262097587e-13
2.1 1.2 3.146746974e-14
2.2 1.2 7.594221737e-15
2.3 1.2 1.971019614e-15
2.4 1.2 7.050332965e-16
2.5 1.2 4.112764152e-16
2.6 1.2 3.174190095e-16
2.7 1.2 2.556688787e-16
2.8 1.2 1.968011603e-16
2.9 1.2 1.415037238e-16
3 1.2 9.31630657e-17
3.1 1.2 5.183629732e-17
3.2 1.2 1.878601379e-17

-3.2 1.3 5.580401765e-12
-3.1 1.3 3.968034963e-11
-3 1.3 2.556100225e-10
-2.9 1.3 1.491806607e-09
-2.8 1.3 7.889244901e-09
-2.7 1.3 3.781030106e-08
-2.6 1.3 1.642506396e-07
-2.5 1.3 6.468508347e-07
-2.4 1.3 2.309869624e-06
-2.3 1.3 7.480872162e-06
-2.2 1.3 2.197878479e-05
-2.1 1.3 5.859467623e-05
-2 1.3 0.0001417895965
-1.9 1.3 0.0003115334239
-1.8 1.3 0.0006217223937
-1.7 1.3 0.001127442221
-1.6 1.3 0.001858621968
-1.5 1.3 0.002786767602
-1.4 1.3 0.003802424386
-1.3 1.3 0.004724261266
-1.2 1.3 0.005348271312
-1.1 1.3 0.005521093451
-1 1.3 0.00520154915
-0.9 1.3 0.004476551483
-0.8 1.3 0.003523025199
-0.7 1.3 0.002538442003
-0.6 1.3 0.001676828951
-0.5 1.3 0.00101709501
-0.4 1.3 0.0005675234648
-0.3 1.3 0.0002919526912
-0.2 1.3 0.0001388451465
-0.1 1.3 6.125811807e-05
0 1.3 2.51930396e-05
0.1 1.3 9.724090051e-06
0.2 1.3 3.559029613e-06
0.3 1.3 1.254807116e-06
0.4 1.3 4.362687889e-07
0.5 1.3 1.542560703e-07
0.6 1.3 5.721646212e-08
0.7 1.3 2.264281555e-08
0.8 1.3 9.49291011e-09
0.9 1.3 4.112633609e-09
1 1.3 1.789922895e-09
1.1 1.3 7.651955508e-10
1.2 1.3 3.164315783e-10
1.3 1.3 1.253191036e-10
1.4 1.3 4.72135831e-11
1.5 1.3 1.683923448e-11
1.6 1.3 5.664244034e-12
1.7 1.3 1.791361194e-12
1.8 1.3 5.313697143e-13
1.9 1.3 1.476998012e-13
2 1.3 3.863760904e-14
2.1 1.3 9.740335782e-15
2.2 1.3 2.577701226e-15
2.3 1.3 8.846744329e-16
2.4 1.3 4.800139312e-16
2.5 1.3 3.641510823e-16
2.6 1.3 3.035406076e-16
2.7 1.3 2.468160805e-16
2.8 1.3 1.89200771e-16
2.9 1.3 1.362396021e-16
3 1.3 9.003418893e-17
3.1 1.3 5.056771235e-17
3.2 1.3 1.798743313e-17

-3.2 1.4 4.799062224e-12
-3.1 1.4 3.409115088e-11
-3 1.4 2.193634198e-10
-2.9 1.4 1.278651455e-09
-2.8 1.4 6.752323704e-09
-2.7 1.4 3.230891752e-08
-2.6 1.4 1.400943923e-07
-2.5 1.4 5.505742767e-07
-2.4 1.4 1.961474686e-06
-2.3 1.4 6.33583518e-06
-2.2 1.4 1.855970037e-05
-2.1 1.4 4.931571124e-05
-2 1.4 0.0001188937607
-1.9 1.4 0.0002601455947
-1.8 1.4 0.0005167674663
-1.7 1.4 0.0009322828253
-1.6 1.4 0.00152806994
-1.5 1.4 0.002276510233
-1.4 1.4 0.003084149597
-1.3 1.4 0.00380165546
-1.2 1.4 0.004266188214
-1.1 1.4 0.004361396854
-1 1.4 0.00406492128
-0.9 1.4 0.003456858592
-0.8 1.4 0.002684861898
-0.7 1.4 0.001906493888
-0.6 1.4 0.001239224279
-0.5 1.4 0.0007383712278
-0.4 1.4 0.0004039465196
-0.3 1.4 0.0002033065759
-0.2 1.4 9.436477518e-05
-0.1 1.4 4.051805458e-05
0 1.4 1.616168689e-05
0.1 1.4 6.024520555e-06
0.2 1.4 2.117749951e-06
0.3 1.4 7.119608085e-07
0.4 1.4 2.339329897e-07
0.5 1.4 7.745723171e-08
0.6 1.4 2.675582272e-08
0.7 1.4 9.881010969e-09
0.8 1.4 3.900805771e-09
0.9 1.4 1.608682751e-09
1 1.4 6.722408489e-10
1.1 1.4 2.774824937e-10
1.2 1.4 1.111747986e-10
1.3 1.4 4.275357418e-11
1.4 1.4 1.566602296e-11
1.5 1.4 5.441860474e-12
1.6 1.4 1.785140925e-12
1.7 1.4 5.514116282e-13
1.8 1.4 1.601540792e-13
1.9 1.4 4.38793404e-14
2 1.4 1.157144846e-14
2.1 1.4 3.162266137e-15
2.2 1.4 1.075416938e-15
2.3 1.4 5.550848702e-16
2.4 1.4 4.083679285e-16
2.5 1.4 3.463269932e-16
2.6 1.4 2.942119828e-16
2.7 1.4 2.379458958e-16
2.8 1.4 1.81252632e-16
2.9 1.4 1.301785711e-16
3 1.4 8.624663638e-17
3.1 1.4 4.829931382e-17
3.2 1.4 1.702695085e-17

-3.2 1.5 3.734604603e-12
-3.1 1.5 2.650564966e-11
-3 1.5 1.703801798e-10
-2.9 1.5 9.91984153e-10
-2.8 1.5 5.231615145e-09
-2.7 1.5 2.499537312e-08
-2.6 1.5 1.08200454e-07
-2.5 1.5 4.244267016e-07
-2.4 1.5 1.508847196e-06
-2.3 1.5 4.862151591e-06
-2.2 1.5 1.420469242e-05
-2.1 1.5 3.763078454e-05
-2 1.5 9.041913174e-05
-1.9 1.5 0.0001971020505
-1.8 1.5 0.0003899021731
-1.7 1.5 0.0007001434347
-1.6 1.5 0.001141650413
-1.5 1.5 0.001691057728
-1.4 1.5 0.002276385912
-1.3 1.5 0.002786117283
-1.2 1.5 0.003102033494
-1.1 1.5 0.003143703424
-1 1.5 0.002901815637
-0.9 1.5 0.002441472708
-0.8 1.5 0.001873914457
-0.7 1.5 0.001313331757
-0.6 1.5 0.0008413871597
-0.5 1.5 0.0004933519955
-0.4 1.5 0.0002651510013
-0.3 1.5 0.0001308472006
-0.2 1.5 5.941589271e-05
-0.1 1.5 2.489407985e-05
0 1.5 9.659072277e-06
0.1 1.5 3.488816267e-06
0.2 1.5 1.182293201e-06
0.3 1.5 3.805729151e-07
0.4 1.5 1.186674657e-07
0.5 1.5 3.690893064e-08
0.6 1.5 1.187989613e-08
0.7 1.5 4.084521158e-09
0.8 1.5 1.512822821e-09
0.9 1.5 5.921164155e-10
1 1.5 2.37185731e-10
1.1 1.5 9.447212702e-11
1.2 1.5 3.667078116e-11
1.3 1.5 1.369695789e-11
1.4 1.5 4.883494444e-12
1.5 1.5 1.653146386e-12
1.6 1.5 5.293607732e-13
1.7 1.5 1.600288167e-13
1.8 1.5 4.578730728e-14
1.9 1.5 1.262768575e-14
2 1.5 3.591646118e-15
2.1 1.5 1.243706964e-15
2.2 1.5 6.296120883e-16
2.3 1.5 4.509777766e-16
2.4 1.5 3.826288658e-16
2.5 1.5 3.361479108e-16
2.6 1.5 2.84911264e-16
2.7 1.5 2.283545257e-16
2.8 1.5 1.72898892e-16
2.9 1.5 1.244676588e-16
3 1.5 8.278719365e-17
3.1 1.5 4.638337431e-17
3.2 1.5 1.623634457e-17

-3.2 1.6 2.62979044e-12
-3.1 1.6 1.864890522e-11
-3 1.6 1.197639035e-10
-2.9 1.6 6.965447264e-10
-2.8 1.6 3.669073871e-09
-2.7 1.6 1.750608259e-08
-2.6 1.6 7.566448673e-08
-2.5 1.6 2.962895284e-07
-2.4 1.6 1.05127795e-06
-2.3 1.6 3.380320207e-06
-2.2 1.6 9.851579903e-06
-2.1 1.6 2.602782621e-05
-2 1.6 6.235028613e-05
-1.9 1.6 0.0001354569914
-1.8 1.6 0.0002669507293
-1.7 1.6 0.0004773571579
-1.6 1.6 0.0007747603342
-1.5 1.6 0.001141685639
-1.4 1.6 0.00152806212
-1.3 1.6 0.001858358458
-1.2 1.6 0.002054526562
-1.1 1.6 0.002065911117
-1 1.6 0.001890516374
-0.9 1.6 0.00157543804
-0.8 1.6 0.001196449911
-0.7 1.6 0.0008287511049
-0.6 1.6 0.0005240913195
-0.5 1.6 0.000302917807
-0.4 1.6 0.0001602291952
-0.3 1.6 7.768370606e-05
-0.2 1.6 3.458692862e-05
-0.1 1.6 1.417521351e-05
0 1.6 5.3649552e-06
0.1 1.6 1.883512051e-06
0.2 1.6 6.175267167e-07
0.3 1.6 1.910960273e-07
0.4 1.6 5.678885955e-08
0.5 1.6 1.665212604e-08
0.6 1.6 5.000808687e-09
0.7 1.6 1.597235675e-09
0.8 1.6 5.525799596e-10
0.9 1.6 2.044197258e-10
1 1.6 7.828884742e-11
1.1 1.6 3.005235397e-11
1.2 1.6 1.1296843e-11
1.3 1.6 4.098371948e-12
1.4 1.6 1.422289002e-12
1.5 1.6 4.695728477e-13
1.6 1.6 1.470696961e-13
1.7 1.6 4.378657379e-14
1.8 1.6 1.261543799e-14
1.9 1.6 3.756972302e-15
2 1.6 1.353382708e-15
2.1 1.6 6.946078866e-16
2.2 1.6 4.916066716e-16
2.3 1.6 4.151500257e-16
2.4 1.6 3.717115621e-16
2.5 1.6 3.281707894e-16
2.6 1.6 2.750680936e-16
2.7 1.6 2.182972552e-16
2.8 1.6 1.650436727e-16
2.9 1.6 1.192408661e-16
3 1.6 7.981344733e-17
3.1 1.6 4.468917847e-17
3.2 1.6 1.547865805e-17

-3.2 1.7 1.675630638e-12
-3.1 1.7 1.187341704e-11
-3 1.7 7.618521851e-11
-2.9 1.7 4.42656492e-10
-2.8 1.7 2.329122805e-09
-2.7 1.7 1.109895643e-08
-2.6 1.7 4.790437708e-08
-2.5 1.7 1.872901571e-07
-2.4 1.7 6.633604454e-07
-2.3 1.7 2.128788303e-06
-2.2 1.7 6.190460494e-06
-2.1 1.7 1.631499161e-05
-2 1.7 3.897600479e-05
-1.9 1.7 8.441811894e-05
-1.8 1.7 0.000165802994
-1.7 1.7 0.0002953711819
-1.6 1.7 0.0004773919986
-1.5 1.7 0.0007002265286
-1.4 1.7 0.0009323911317
-1.3 1.7 0.001127483266
-1.2 1.7 0.00123865245
-1.1 1.7 0.001236837373
-1 1.7 0.001123105186
-0.9 1.7 0.0009279450678
-0.8 1.7 0.0006980724889
-0.7 1.7 0.0004784942601
-0.6 1.7 0.000299102042
-0.5 1.7 0.0001706689329
-0.4 1.7 8.899805364e-05
-0.3 1.7 4.247081823e-05
-0.2 1.7 1.857836008e-05
-0.1 1.7 7.465180121e-06
0 1.7 2.763035522e-06
0.1 1.7 9.456136353e-07
0.2 1.7 3.009555194e-07
0.3 1.7 8.988298692e-08
0.4 1.7 2.556844228e-08
0.5 1.7 7.097901278e-09
0.6 1.7 1.993357577e-09
0.7 1.7 5.905765854e-10
0.8 1.7 1.89929266e-10
0.9 1.7 6.605697582e-11
1 1.7 2.409733536e-11
1.1 1.7 8.897166459e-12
1.2 1.7 3.236274448e-12
1.3 1.7 1.140314138e-12
1.4 1.7 3.854390166e-13
1.5 1.7 1.24377808e-13
1.6 1.7 3.837543834e-14
1.7 1.7 1.153623966e-14
1.8 1.7 3.619214596e-15
1.9 1.7 1.382857185e-15
2 1.7 7.391646417e-16
2.1 1.7 5.26881062e-16
2.2 1.7 4.427866372e-16
2.3 1.7 4.004261843e-16
2.4 1.7 3.63775317e-16
2.5 1.7 3.176685671e-16
2.6 1.7 2.627394536e-16
2.7 1.7 2.065906386e-16
2.8 1.7 1.558765364e-16
2.9 1.7 1.129658204e-16
3 1.7 7.57715384e-17
3.1 1.7 4.238635086e-17
3.2 1.7 1.448169415e-17

-3.2 1.8 9.660721782e-13
-3.1 1.8 6.840637183e-12
-3 1.8 4.385724153e-11
-2.9 1.8 2.545907301e-10
-2.8 1.8 1.338208641e-09
-2.7 1.8 6.36963612e-09
-2.6 1.8 2.745670268e-08
-2.5 1.8 1.071919811e-07
-2.4 1.8 3.790510389e-07
-2.3 1.8 1.214228618e-06
-2.2 1.8 3.523884254e-06
-2.1 1.8 9.266547033e-06
-2 1.8 2.20827159e-05
-1.9 1.8 4.769749427e-05
-1.8 1.8 9.339539642e-05
-1.7 1.8 0.000165817171
-1.6 1.8 0.0002669962023
-1.5 1.8 0.0003899968074
-1.4 1.8 0.000516914992
-1.3 1.8 0.0006218929625
-1.2 1.8 0.000679365573
-1.1 1.8 0.0006741471857
-1 1.8 0.0006079431033
-0.9 1.8 0.0004984792774
-0.8 1.8 0.0003718395835
-0.7 1.8 0.00025250593
-0.6 1.8 0.0001562139101
-0.5 1.8 8.812019886e-05
-0.4 1.8 4.537095654e-05
-0.3 1.8 2.134757018e-05
-0.2 1.8 9.192201951e-06
-0.1 1.8 3.628960916e-06
0 1.8 1.31664287e-06
0.1 1.8 4.404502978e-07
0.2 1.8 1.365077786e-07
0.3 1.8 3.94943487e-08
0.4 1.8 1.080133538e-08
0.5 1.8 2.851897081e-09
0.6 1.8 7.515485357e-10
0.7 1.8 2.064963478e-10
0.8 1.8 6.144592408e-11
0.9 1.8 1.996348913e-11
1 1.8 6.901914797e-12
1.1 1.8 2.444150447e-12
1.2 1.8 8.593435897e-13
1.3 1.8 2.941813586e-13
1.4 1.8 9.709512452e-14
1.5 1.8 3.089887397e-14
1.6 1.8 9.684170254e-15
1.7 1.8 3.225869196e-15
1.8 1.8 1.33368103e-15
1.9 1.8 7.616432247e-16
2 1.8 5.565446991e-16
2.1 1.8 4.674230132e-16
2.2 1.8 4.241341111e-16
2.3 1.8 3.927228133e-16
2.4 1.8 3.544685984e-16
2.5 1.8 3.045096537e-16
2.6 1.8 2.489233253e-16
2.7 1.8 1.948540184e-16
2.8 1.8 1.472281827e-16
2.9 1.8 1.07317222e-16
3 1.8 7.226157632e-17
3.1 1.8 4.015115627e-17
3.2 1.8 1.349155389e-17

-3.2 1.9 5.039752784e-13
-3.1 1.9 3.566219922e-12
-3 1.9 2.284690328e-11
-2.9 1.9 1.325142994e-10
-2.8 1.9 6.958788847e-10
-2.7 1.9 3.308758672e-09
-2.6 1.9 1.424575564e-08
-2.5 1.9 5.554265058e-08
-2.4 1.9 1.961208479e-07
-2.3 1.9 6.272148033e-07
-2.2 1.9 1.816971001e-06
-2.1 1.9 4.76834442e-06
-2 1.9 1.133781884e-05
-1.9 1.9 2.4428359e-05
-1.8 1.9 4.770123195e-05
-1.7 1.9 8.443275409e-05
-1.6 1.9 0.0001354948566
-1.5 1.9 0.0001971785341
-1.4 1.9 0.0002602718894
-1.3 1.9 0.000311705475
-1.2 1.9 0.0003388008858
-1.1 1.9 0.0003343318708
-1 1.9 0.0002996495634
-0.9 1.9 0.0002440304267
-0.8 1.9 0.0001806702548
-0.7 1.9 0.0001216719004
-0.6 1.9 7.458305941e-05
-0.5 1.9 4.164532992e-05
-0.4 1.9 2.12008907e-05
-0.3 1.9 9.850546649e-06
-0.2 1.9 4.182509024e-06
-0.1 1.9 1.625434104e-06
0 1.9 5.793525141e-07
0.1 1.9 1.899156903e-07
0.2 1.9 5.748681114e-08
0.3 1.9 1.616892473e-08
0.4 1.9 4.269736254e-09
0.5 1.9 1.077536901e-09
0.6 1.9 2.676579303e-10
0.7 1.9 6.830285968e-11
0.8 1.9 1.873537036e-11
0.9 1.9 5.645809252e-12
1 1.9 1.838044852e-12
1.1 1.9 6.220215822e-13
1.2 1.9 2.112340841e-13
1.3 1.9 7.046427896e-14
1.4 1.9 2.298676901e-14
1.5 1.9 7.51641769e-15
1.6 1.9 2.690903081e-15
1.7 1.9 1.229111717e-15
1.8 1.9 7.626720285e-16
1.9 1.9 5.782680019e-16
2 1.9 4.889191298e-16
2.1 1.9 4.43918288e-16
2.2 1.9 4.16515707e-16
2.3 1.9 3.851754687e-16
2.4 1.9 3.418869824e-16
2.5 1.9 2.88909814e-16
2.6 1.9 2.337997874e-16
2.7 1.9 1.821615817e-16
2.8 1.9 1.380874726e-16
2.9 1.9 1.013375625e-16
3 1.9 6.823485004e-17
3.1 1.9 3.759209107e-17
3.2 1.9 1.23795209e-17

-3.2 2 2.37887529e-13
-3.1 2 1.682301307e-12
-3 2 1.07701037e-11
-2.9 2 6.241882979e-11
-2.8 2 3.274967511e-10
-2.7 2 1.555661091e-09
-2.6 2 6.690578815e-09
-2.5 2 2.605434127e-08
-2.4 2 9.187436164e-08
-2.3 2 2.933864154e-07
-2.2 2 8.485053337e-07
-2.1 2 2.222695087e-06
-2 2 5.274273461e-06
-1.9 2 1.133848463e-05
-1.8 2 2.208591195e-05
-1.7 2 3.898601638e-05
-1.6 2 6.237472648e-05
-1.5 2 9.046833638e-05
-1.4 2 0.0001189774324
-1.3 2 0.0001419109319
-1.2 2 0.0001535559162
-1.1 2 0.000150781367
-1 2 0.0001344024644
-0.9 2 0.0001087960039
-0.8 2 8.001207326e-05
-0.7 2 5.348755541e-05
-0.6 2 3.252030871e-05
-0.5 2 1.799493857e-05
-0.4 2 9.069374293e-06
-0.3 2 4.167105243e-06
-0.2 2 1.747438469e-06
-0.1 2 6.696872143e-07
0 2 2.34964363e-07
0.1 2 7.564972913e-08
0.2 2 2.242525114e-08
0.3 2 6.151969654e-09
0.4 2 1.575049617e-09
0.5 2 3.818500839e-10
0.6 2 8.988994354e-11
0.7 2 2.1377565e-11
0.8 2 5.395248367e-12
0.9 2 1.497459546e-12
1 2 4.55695989e-13
1.1 2 1.468452966e-13
1.2 2 4.831053494e-14
1.3 2 1.598151713e-14
1.4 2 5.4647885e-15
1.5 2 2.140243454e-15
1.6 2 1.103643194e-15
1.7 2 7.493744582e-16
1.8 2 5.912399618e-16
1.9 2 5.056285318e-16
2 2 4.604796904e-16
2.1 2 4.357397172e-16
2.2 2 4.10722876e-16
2.3 2 3.739250958e-16
2.4 2 3.255418834e-16
2.5 2 2.71196213e-16
2.6 2 2.171772287e-16
2.7 2 1.683992612e-16
2.8 2 1.287543058e-16
2.9 2 9.57926311e-17
3 2 6.450058853e-17
3.1 2 3.524418039e-17
3.2 2 1.131272035e-17

-3.2 2.1 1.015994019e-13
-3.1 2.1 7.180885819e-13
-3 2.1 4.594215941e-12
-2.9 2.1 2.660670717e-11
-2.8 2.1 1.394860901e-10
-2.7 2.1 6.619849452e-10
-2.6 2.1 2.844218835e-09
-2.5 2.1 1.106365041e-08
-2.4 2.1 3.896547937e-08
-2.3 2.1 1.242614383e-07
-2.2 2.1 3.588389002e-07
-2.1 2.1 9.384372847e-07
-2 2.1 2.222765539e-06
-1.9 2.1 4.768805079e-06
-1.8 2.1 9.268367371e-06
-1.7 2.1 1.632040615e-05
-1.6 2.1 2.604089395e-05
-1.5 2.1 3.765727679e-05
-1.4 2.1 4.936165305e-05
-1.3 2.1 5.866348871e-05
-1.2 2.1 6.322436952e-05
-1.1 2.1 6.180926874e-05
-1 2.1 5.48282291e-05
-0.9 2.1 4.414512256e-05
-0.8 2.1 3.227421744e-05
-0.7 2.1 2.143450968e-05
-0.6 2.1 1.293822903e-05
-0.5 2.1 7.102189634e-06
-0.4 2.1 3.547810928e-06
-0.3 2.1 1.614087053e-06
-0.2 2.1 6.694347146e-07
-0.1 2.1 2.534048088e-07
0 2.1 8.767845127e-08
0.1 2.1 2.778412111e-08
0.2 2.1 8.085823182e-09
0.3 2.1 2.170098292e-09
0.4 2.1 5.407419974e-10
0.5 2.1 1.265649864e-10
0.6 2.1 2.840534785e-11
0.7 2.1 6.32926386e-12
0.8 2.1 1.47113749e-12
0.9 2.1 3.74130348e-13
1 2.1 1.057629935e-13
1.1 2.1 3.252340604e-14
1.2 2.1 1.06403872e-14
1.3 2.1 3.811176893e-15
1.4 2.1 1.669920776e-15
1.5 2.1 9.851144672e-16
1.6 2.1 7.288030997e-16
1.7 2.1 5.969485255e-16
1.8 2.1 5.177491568e-16
1.9 2.1 4.746141641e-16
2 2.1 4.521426275e-16
2.1 2.1 4.322024794e-16
2.2 2.1 4.01462661e-16
2.3 2.1 3.581075666e-16
2.4 2.1 3.067455501e-16
2.5 2.1 2.521661744e-16
2.6 2.1 1.99640416e-16
2.7 2.1 1.55014515e-16
2.8 2.1 1.204952484e-16
2.9 2.1 9.054987094e-17
3 2.1 6.089711528e-17
3.1 2.1 3.282242501e-17
3.2 2.1 1.025906778e-17

-3.2 2.2 3.926039605e-14
-3.1 2.2 2.773478977e-13
-3 2.2 1.773354119e-12
-2.9 2.2 1.02631477e-11
-2.8 2.2 5.376431705e-11
-2.7 2.2 2.549472427e-10
-2.6 2.2 1.094374464e-09
-2.5 2.2 4.252656209e-09
-2.4 2.2 1.496080554e-08
-2.3 2.2 4.76512612e-08
-2.2 2.2 1.374187002e-07
-2.1 2.2 3.58839214e-07
-2 2.2 8.485372486e-07
-1.9 2.2 1.817177685e-06
-1.8 2.2 3.524703362e-06
-1.7 2.2 6.192913034e-06
-1.6 2.2 9.85755377e-06
-1.5 2.2 1.421694925e-05
-1.4 2.2 1.858128623e-05
-1.3 2.2 2.201177188e-05
-1.2 2.2 2.363914998e-05
-1.1 2.2 2.302001056e-05
-1 2.2 2.033238528e-05
-0.9 2.2 1.629325469e-05
-0.8 2.2 1.184975397e-05
-0.7 2.2 7.824540727e-06
-0.6 2.2 4.692963109e-06
-0.5 2.2 2.557964783e-06
-0.4 2.2 1.267820419e-06
-0.3 2.2 5.717927775e-07
-0.2 2.2 2.348539217e-07
-0.1 2.2 8.793752563e-08
0 2.2 3.005509163e-08
0.1 2.2 9.391751349e-09
0.2 2.2 2.689349651e-09
0.3 2.2 7.080697551e-10
0.4 2.2 1.723267488e-10
0.5 2.2 3.912477244e-11
0.6 2.2 8.423756337e-12
0.7 2.2 1.770907374e-12
0.8 2.2 3.808951872e-13
0.9 2.2 8.878350286e-14
1 2.2 2.343261781e-14
1.1 2.2 7.157272114e-15
1.2 2.2 2.656255856e-15
1.3 2.2 1.320905625e-15
1.4 2.2 8.878030709e-16
1.5 2.2 7.056475439e-16
1.6 2.2 5.965020177e-16
1.7 2.2 5.247169046e-16
1.8 2.2 4.851925635e-16
1.9 2.2 4.662546506e-16
2 2.2 4.497908269e-16
2.1 2.2 4.235091143e-16
2.2 2.2 3.846559306e-16
2.3 2.2 3.369747583e-16
2.4 2.2 2.839203152e-16
2.5 2.2 2.293883761e-16
2.6 2.2 1.804761767e-16
2.7 2.2 1.428038914e-16
2.8 2.2 1.137337735e-16
2.9 2.2 8.597952176e-17
3 2.2 5.730225837e-17
3.1 2.2 3.027272527e-17
3.2 2.2 9.175262081e-18

-3.2 2.3 1.372551748e-14
-3.1 2.3 9.692547981e-14
-3 2.3 6.193946102e-13
-2.9 2.3 3.582422648e-12
-2.8 2.3 1.875370133e-11
-2.7 2.3 8.886060857e-11
-2.6 2.3 3.811160201e-10
-2.5 2.3 1.479608516e-09
-2.4 2.3 5.199917271e-09
-2.3 2.3 1.654347301e-08
-2.2 2.3 4.764977141e-08
-2.1 2.3 1.242581767e-07
-2 2.3 2.933921879e-07
-1.9 2.3 6.272845396e-07
-1.8 2.3 1.21453565e-06
-1.7 2.3 2.129744089e-06
-1.6 2.3 3.382697195e-06
-1.5 2.3 4.867101363e-06
-1.4 2.3 6.344669203e-06
-1.3 2.3 7.494563203e-06
-1.2 2.3 8.023402663e-06
-1.1 2.3 7.786314691e-06
-1 2.3 6.851160087e-06
-0.9 2.3 5.467214158e-06
-0.8 2.3 3.957895762e-06
-0.7 2.3 2.600180786e-06
-0.6 2.3 1.550778459e-06
-0.5 2.3 8.400299967e-07
-0.4 2.3 4.13486851e-07
-0.3 2.3 1.85059909e-07
-0.2 2.3 7.536298311e-08
-0.1 2.3 2.794961185e-08
0 2.3 9.450030173e-09
0.1 2.3 2.916969539e-09
0.2 2.3 8.235399765e-10
0.3 2.3 2.132374633e-10
0.4 2.3 5.085049352e-11
0.5 2.3 1.124781864e-11
0.6 2.3 2.337597693e-12
0.7 2.3 4.675603366e-13
0.8 2.3 9.403674263e-14
0.9 2.3 2.045813962e-14
1 2.3 5.374767536e-15
1.1 2.3 1.971411365e-15
1.2 2.3 1.094389914e-15
1.3 2.3 8.147615987e-16
1.4 2.3 6.803061222e-16
1.5 2.3 5.887433791e-16
1.6 2.3 5.266034595e-16
1.7 2.3 4.928643292e-16
1.8 2.3 4.780613704e-16
1.9 2.3 4.657721216e-16
2 2.3 4.430962747e-16
2.1 2.3 4.077485984e-16
2.2 2.3 3.619852461e-16
2.3 2.3 3.114004791e-16
2.4 2.3 2.560958181e-16
2.5 2.3 2.045760777e-16
2.6 2.3 1.632005221e-16
2.7 2.3 1.33880253e-16
2.8 2.3 1.089422364e-16
2.9 2.3 8.15741776e-17
3 2.3 5.308725261e-17
3.1 2.3 2.776059541e-17
3.2 2.3 8.070419921e-18

-3.2 2.4 4.339835274e-15
-3.1 2.4 3.064745177e-14
-3 2.4 1.957603145e-13
-2.9 2.4 1.131553597e-12
-2.8 2.4 5.919724958e-12
-2.7 2.4 2.802943457e-11
-2.6 2.4 1.201222299e-10
-2.5 2.4 4.659524605e-10
-2.4 2.4 1.636003915e-09
-2.3 2.4 5.199589389e-09
-2.2 2.4 1.495944582e-08
-2.1 2.4 3.896242878e-08
-2 2.4 9.187254823e-08
-1.9 2.4 1.961386124e-07
-1.8 2.4 3.791490819e-07
-1.7 2.4 6.636858239e-07
-1.6 2.4 1.052110463e-06
-1.5 2.4 1.51060962e-06
-1.4 2.4 1.964658175e-06
-1.3 2.4 2.314856341e-06
-1.2 2.4 2.471322753e-06
-1.1 2.4 2.390991931e-06
-1 2.4 2.096789674e-06
-0.9 2.4 1.667079286e-06
-0.8 2.4 1.20196625e-06
-0.7 2.4 7.861197566e-07
-0.6 2.4 4.6654118e-07
-0.5 2.4 2.513406455e-07
-0.4 2.4 1.229703638e-07
-0.3 2.4 5.466757663e-08
-0.2 2.4 2.209628637e-08
-0.1 2.4 8.126282105e-09
0 2.4 2.721729772e-09
0.1 2.4 8.311569569e-10
0.2 2.4 2.3177976e-10
0.3 2.4 5.915165301e-11
0.4 2.4 1.386113047e-11
0.5 2.4 2.999058718e-12
0.6 2.4 6.053451151e-13
0.7 2.4 1.164530378e-13
0.8 2.4 2.246915694e-14
0.9 2.4 4.974785318e-15
1 2.4 1.662891019e-15
1.1 2.4 9.637941879e-16
1.2 2.4 7.57768879e-16
1.3 2.4 6.499734321e-16
1.4 2.4 5.731086804e-16
1.5 2.4 5.230861443e-16
1.6 2.4 4.972314512e-16
1.7 2.4 4.877171189e-16
1.8 2.4 4.780322412e-16
1.9 2.4 4.571813636e-16
2 2.4 4.244723283e-16
2.1 2.4 3.821457517e-16
2.2 2.4 3.327017656e-16
2.3 2.4 2.783285319e-16
2.4 2.4 2.249348093e-16
2.5 2.4 1.811583947e-16
2.6 2.4 1.508608513e-16
2.7 2.4 1.283662259e-16
2.8 2.4 1.04218005e-16
2.9 2.4 7.640814695e-17
3 2.4 4.88990115e-17
3.1 2.4 2.52304654e-17
3.2 2.4 7.046611826e-18

-3.2 2.5 1.239602978e-15
-3.1 2.5 8.766199157e-15
-3 2.5 5.598368762e-14
-2.9 2.5 3.234255195e-13
-2.8 2.5 1.690955579e-12
-2.7 2.5 8.001227173e-12
-2.6 2.5 3.426516872e-11
-2.5 2.5 1.328098242e-10
-2.4 2.5 4.659089337e-10
-2.3 2.5 1.479381254e-09
-2.2 2.5 4.25191152e-09
-2.1 2.5 1.106196824e-08
-2 2.5 2.605230992e-08
-1.9 2.5 5.55456526e-08
-1.8 2.5 1.072189256e-07
-1.7 2.5 1.87387864e-07
-1.6 2.5 2.965481476e-07
-1.5 2.5 4.249837995e-07
-1.4 2.5 5.515917354e-07
-1.3 2.5 6.484582341e-07
-1.2 2.5 6.90593509e-07
-1.1 2.5 6.663527157e-07
-1 2.5 5.826406574e-07
-0.9 2.5 4.617386045e-07
-0.8 2.5 3.31730916e-07
-0.7 2.5 2.161122315e-07
-0.6 2.5 1.277032004e-07
-0.5 2.5 6.846960274e-08
-0.4 2.5 3.332230664e-08
-0.3 2.5 1.472683374e-08
-0.2 2.5 5.91360006e-09
-0.1 2.5 2.158934034e-09
0 2.5 7.171486322e-10
0.1 2.5 2.169626087e-10
0.2 2.5 5.985773206e-11
0.3 2.5 1.508635011e-11
0.4 2.5 3.482922776e-12
0.5 2.5 7.399929851e-13
0.6 2.5 1.461472746e-13
0.7 2.5 2.761956015e-14
0.8 2.5 5.549231455e-15
0.9 2.5 1.617346157e-15
1 2.5 8.920360491e-16
1.1 2.5 7.076670458e-16
1.2 2.5 6.173265841e-16
1.3 2.5 5.551628309e-16
1.4 2.5 5.16762114e-16
1.5 2.5 4.999355135e-16
1.6 2.5 4.934981389e-16
1.7 2.5 4.851746181e-16
1.8 2.5 4.653255597e-16
1.9 2.5 4.332522419e-16
2 2.5 3.916082936e-16
2.1 2.5 3.447030648e-16
2.2 2.5 2.927619724e-16
2.3 2.5 2.397324734e-16
2.4 2.5 1.948463419e-16
2.5 2.5 1.64191167e-16
2.6 2.5 1.436307636e-16
2.7 2.5 1.228545199e-16
2.8 2.5 9.738469391e-17
2.9 2.5 7.01443294e-17
3 2.5 4.446932995e-17
3.1 2.5 2.268458361e-17
3.2 2.5 5.990147659e-18

-3.2 2.6 3.183206424e-16
-3.1 2.6 2.265825007e-15
-3 2.6 1.448634106e-14
-2.9 2.6 8.365190254e-14
-2.8 2.6 4.370969659e-13
-2.7 2.6 2.066950562e-12
-2.6 2.6 8.845777899e-12
-2.5 2.6 3.426100203e-11
-2.4 2.6 1.200966886e-10
-2.3 2.6 3.810140646e-10
-2.2 2.6 1.094067743e-09
-2.1 2.6 2.8435241e-09
-2 2.6 6.689560639e-09
-1.9 2.6 1.424581245e-08
-1.8 2.6 2.746309847e-08
-1.7 2.6 4.79304368e-08
-1.6 2.6 7.573613784e-08
-1.5 2.6 1.083575516e-07
-1.4 2.6 1.403842282e-07
-1.3 2.6 1.647117238e-07
-1.2 2.6 1.750360611e-07
-1.1 2.6 1.684937473e-07
-1 2.6 1.46945848e-07
-0.9 2.6 1.161237199e-07
-0.8 2.6 8.316826453e-08
-0.7 2.6 5.399608392e-08
-0.6 2.6 3.178656341e-08
-0.5 2.6 1.697175808e-08
-0.4 2.6 8.221613258e-09
-0.3 2.6 3.614957969e-09
-0.2 2.6 1.443325551e-09
-0.1 2.6 5.235727113e-10
0 2.6 1.726745998e-10
0.1 2.6 5.181747079e-11
0.2 2.6 1.416398846e-11
0.3 2.6 3.531929825e-12
0.4 2.6 8.054437705e-13
0.5 2.6 1.689022236e-13
0.6 2.6 3.31550381e-14
0.7 2.6 6.566721728e-15
0.8 2.6 1.720129725e-15
0.9 2.6 8.522149573e-16
1 2.6 6.59263701e-16
1.1 2.6 5.812253816e-16
1.2 2.6 5.338923075e-16
1.3 2.6 5.078201611e-16
1.4 2.6 4.976079039e-16
1.5 2.6 4.934777738e-16
1.6 2.6 4.83683692e-16
1.7 2.6 4.632127881e-16
1.8 2.6 4.316733153e-16
1.9 2.6 3.912493714e-16
2 2.6 3.44734276e-16
2.1 2.6 2.950226993e-16
2.2 2.6 2.462615882e-16
2.3 2.6 2.040235333e-16
2.4 2.6 1.748674128e-16
2.5 2.6 1.56129405e-16
2.6 2.6 1.381063722e-16
2.7 2.6 1.15339873e-16
2.8 2.6 8.92941812e-17
2.9 2.6 6.36021774e-17
3 2.6 4.023646107e-17
3.1 2.6 2.030490672e-17
3.2 2.6 5.017613962e-18

-3.2 2.7 7.144459991e-17
-3.1 2.7 5.256100309e-16
-3 2.7 3.391780559e-15
-2.9 2.7 1.958260637e-14
-2.8 2.7 1.022468002e-13
-2.7 2.7 4.832071414e-13
-2.6 2.7 2.066648065e-12
-2.5 2.7 7.999094489e-12
-2.4 2.7 2.801953158e-11
-2.3 2.7 8.882498769e-11
-2.2 2.7 2.548445611e-10
-2.1 2.7 6.617521416e-10
-2 2.7 1.555288591e-09
-1.9 2.7 3.308570025e-09
-1.8 2.7 6.370945673e-09
-1.7 2.7 1.110516325e-08
-1.6 2.7 1.752386066e-08
-1.5 2.7 2.503503643e-08
-1.4 2.7 3.238276842e-08
-1.3 2.7 3.792845887e-08
-1.2 2.7 4.022954505e-08
-1.1 2.7 3.864583971e-08
-1 2.7 3.362743126e-08
-0.9 2.7 2.650825774e-08
-0.8 2.7 1.893377674e-08
-0.7 2.7 1.225587053e-08
-0.6 2.7 7.191114165e-09
-0.5 2.7 3.825619171e-09
-0.4 2.7 1.845806418e-09
-0.3 2.7 8.079699929e-10
-0.2 2.7 3.209963056e-10
-0.1 2.7 1.157987146e-10
0 2.7 3.7953556e-11
0.1 2.7 1.130981457e-11
0.2 2.7 3.067139404e-12
0.3 2.7 7.581843222e-13
0.4 2.7 1.714644512e-13
0.5 2.7 3.593076758e-14
0.6 2.7 7.37592954e-15
0.7 2.7 1.84334244e-15
0.8 2.7 8.218478167e-16
0.9 2.7 6.124687286e-16
1 2.7 5.456199054e-16
1.1 2.7 5.139769001e-16
1.2 2.7 4.983641807e-16
1.3 2.7 4.917344786e-16
1.4 2.7 4.856103789e-16
1.5 2.7 4.725963735e-16
1.6 2.7 4.482681984e-16
1.7 2.7 4.151550468e-16
1.8 2.7 3.751236165e-16
1.9 2.7 3.315189881e-16
2 2.7 2.864758778e-16
2.1 2.7 2.423755065e-16
2.2 2.7 2.057791999e-16
2.3 2.7 1.801741654e-16
2.4 2.7 1.634543072e-16
2.5 2.7 1.480779312e-16
2.6 2.7 1.275247986e-16
2.7 2.7 1.032533299e-16
2.8 2.7 7.914204867e-17
2.9 2.7 5.623050614e-17
3 2.7 3.537573744e-17
3.1 2.7 1.764842114e-17
3.2 2.7 3.909062894e-18

-3.2 2.8 1.138279509e-17
-3.1 2.8 1.039601477e-16
-3 2.8 7.139053112e-16
-2.9 2.8 4.152163147e-15
-2.8 2.8 2.165180881e-14
-2.7 2.8 1.022313954e-13
-2.6 2.8 4.369624014e-13
-2.5 2.8 1.69023176e-12
-2.4 2.8 5.916702286e-12
-2.3 2.8 1.874339582e-11
-2.2 2.8 5.373534693e-11
-2.1 2.8 1.394204131e-10
-2 2.8 3.27386509e-10
-1.9 2.8 6.957911274e-10
-1.8 2.8 1.338438604e-09
-1.7 2.8 2.330449302e-09
-1.6 2.8 3.673037589e-09
-1.5 2.8 5.240605824e-09
-1.4 2.8 6.769200001e-09
-1.3 2.8 7.916370558e-09
-1.2 2.8 8.382728261e-09
-1.1 2.8 8.038180601e-09
-1 2.8 6.98058074e-09
-0.9 2.8 5.490876581e-09
-0.8 2.8 3.912646872e-09
-0.7 2.8 2.526095737e-09
-0.6 2.8 1.477953591e-09
-0.5 2.8 7.837859028e-10
-0.4 2.8 3.768496192e-10
-0.3 2.8 1.643230916e-10
-0.2 2.8 6.50035122e-11
-0.1 2.8 2.33377784e-11
0 2.8 7.608278562e-12
0.1 2.8 2.25381343e-12
0.2 2.8 6.07388553e-13
0.3 2.8 1.49349078e-13
0.4 2.8 3.385846571e-14
0.5 2.8 7.403081723e-15
0.6 2.8 1.866042259e-15
0.7 2.8 7.832461401e-16
0.8 2.8 5.666520168e-16
0.9 2.8 5.10854702e-16
1 2.8 4.890543889e-16
1.1 2.8 4.789452333e-16
1.2 2.8 4.709241532e-16
1.3 2.8 4.59804111e-16
1.4 2.8 4.40824594e-16
1.5 2.8 4.150619989e-16
1.6 2.8 3.81859709e-16
1.7 2.8 3.43918218e-16
1.8 2.8 3.044600962e-16
1.9 2.8 2.654448551e-16
2 2.8 2.295867635e-16
2.1 2.8 2.006295956e-16
2.2 2.8 1.797464633e-16
2.3 2.8 1.654782988e-16
2.4 2.8 1.511457964e-16
2.5 2.8 1.329092391e-16
2.6 2.8 1.110463228e-16
2.7 2.8 8.887219858e-17
2.8 2.8 6.813112924e-17
2.9 2.8 4.840499836e-17
3 2.8 3.028155287e-17
3.1 2.8 1.495485083e-17
3.2 2.8 2.838730769e-18

-3.2 2.9 0
-3.1 2.9 1.076756332e-17
-3 2.9 1.25818999e-16
-2.9 2.9 7.928733509e-16
-2.8 2.9 4.154643047e-15
-2.7 2.9 1.958171612e-14
-2.6 2.9 8.361718799e-14
-2.5 2.9 3.232347368e-13
-2.4 2.9 1.130789291e-12
-2.3 2.9 3.579889431e-12
-2.2 2.9 1.025613423e-11
-2.1 2.9 2.659081789e-11
-2 2.9 6.239139973e-11
-1.9 2.9 1.324878764e-10
-1.8 2.9 2.546251562e-10
-1.7 2.9 4.429123439e-10
-1.6 2.9 6.973414644e-10
-1.5 2.9 9.938183155e-10
-1.4 2.9 1.28211758e-09
-1.3 2.9 1.497397074e-09
-1.2 2.9 1.583314168e-09
-1.1 2.9 1.515846669e-09
-1 2.9 1.314145729e-09
-0.9 2.9 1.031762091e-09
-0.8 2.9 7.336985405e-10
-0.7 2.9 4.726282376e-10
-0.6 2.9 2.758394432e-10
-0.5 2.9 1.458844666e-10
-0.4 2.9 6.99313131e-11
-0.3 2.9 3.039163461e-11
-0.2 2.9 1.197808389e-11
-0.1 2.9 4.282886918e-12
0 2.9 1.390072247e-12
0.1 2.9 4.099456798e-13
0.2 2.9 1.1014571e-13
0.3 2.9 2.722466572e-14
0.4 2.9 6.445054941e-15
0.5 2.9 1.708294928e-15
0.6 2.9 7.132119302e-16
0.7 2.9 5.104059455e-16
0.8 2.9 4.633627091e-16
0.9 2.9 4.463192032e-16
1 2.9 4.35430263e-16
1.1 2.9 4.24573092e-16
1.2 2.9 4.093749566e-16
1.3 2.9 3.876906673e-16
1.4 2.9 3.606198451e-16
1.5 2.9 3.296675877e-16
1.6 2.9 2.973201971e-16
1.7 2.9 2.649415323e-16
1.8 2.9 2.341891571e-16
1.9 2.9 2.073790077e-16
2 2.9 1.859757357e-16
2.1 2.9 1.703117227e-16
2.2 2.9 1.577118937e-16
2.3 2.9 1.447557295e-16
2.4 2.9 1.2822584e-16
2.5 2.9 1.096058665e-16
2.6 2.9 9.083804151e-17
2.7 2.9 7.264702154e-17
2.8 2.9 5.560228489e-17
2.9 2.9 3.935854455e-17
3 2.9 2.475888678e-17
3.1 2.9 1.207632457e-17
3.2 2.9 1.93163345e-18

-3.2 3 0
-3.1 3 0
-3 3 9.464318575e-18
-2.9 3 1.258315555e-16
-2.8 3 7.158909699e-16
-2.7 3 3.395805365e-15
-2.6 3 1.448490818e-14
-2.5 3 5.594742475e-14
-2.4 3 1.956011624e-13
-2.3 3 6.188652139e-13
-2.2 3 1.771895494e-12
-2.1 3 4.590912822e-12
-2 3 1.076431849e-11
-1.9 3 2.284080688e-11
-1.8 3 4.386184692e-11
-1.7 3 7.62303964e-11
-1.6 3 1.199092249e-10
-1.5 3 1.707182188e-10
-1.4 3 2.200048765e-10
-1.3 3 2.566463716e-10
-1.2 3 2.710296872e-10
-1.1 3 2.591252851e-10
-1 3 2.243109514e-10
-0.9 3 1.758249045e-10
-0.8 3 1.248092211e-10
-0.7 3 8.024224476e-11
-0.6 3 4.67316513e-11
-0.5 3 2.465709227e-11
-0.4 3 1.178903923e-11
-0.3 3 5.108828744e-12
-0.2 3 2.007251828e-12
-0.1 3 7.153559491e-13
0 3 2.314718635e-13
0.1 3 6.818894953e-14
0.2 3 1.846818695e-14
0.3 3 4.782160361e-15
0.4 3 1.36780661e-15
0.5 3 5.900178291e-16
0.6 3 4.232195378e-16
0.7 3 3.845379062e-16
0.8 3 3.701820043e-16
0.9 3 3.585843583e-16
1 3 3.452661564e-16
1.1 3 3.289277371e-16
1.2 3 3.088167924e-16
1.3 3 2.857445298e-16
1.4 3 2.612963058e-16
1.5 3 2.368613713e-16
1.6 3 2.139730343e-16
1.7 3 1.928683628e-16
1.8 3 1.747926172e-16
1.9 3 1.600168921e-16
2 3 1.477981909e-16
2.1 3 1.365052669e-16
2.2 3 1.246139934e-16
2.3 3 1.108396885e-16
2.4 3 9.602222275e-17
2.5 3 8.114694279e-17
2.6 3 6.724360729e-17
2.7 3 5.384645659e-17
2.8 3 4.108047964e-17
2.9 3 2.945571307e-17
3 3 1.906938269e-17
3.1 3 9.231961726e-18
3.2 3 7.593777802e-19

-3.2 3.1 0
-3.1 3.1 0
-3 3.1 0
-2.9 3.1 9.63404382e-18
-2.8 3.1 1.025556016e-16
-2.7 3.1 5.261969148e-16
-2.6 3.1 2.266798598e-15
-2.5 3.1 8.761864623e-15
-2.4 3.1 3.062206792e-14
-2.3 3.1 9.683578109e-14
-2.2 3.1 2.77098906e-13
-2.1 3.1 7.175268345e-13
-2 3.1 1.68132848e-12
-1.9 3.1 3.565224644e-12
-1.8 3.1 6.841512992e-12
-1.7 3.1 1.188122947e-11
-1.6 3.1 1.867366546e-11
-1.5 3.1 2.656279793e-11
-1.4 3.1 3.419900487e-11
-1.3 3.1 3.985386126e-11
-1.2 3.1 4.204064295e-11
-1.1 3.1 4.014562788e-11
-1 3.1 3.470633541e-11
-0.9 3.1 2.716544045e-11
-0.8 3.1 1.925320612e-11
-0.7 3.1 1.23570392e-11
-0.6 3.1 7.182984072e-12
-0.5 3.1 3.782147025e-12
-0.4 3.1 1.804240003e-12
-0.3 3.1 7.799777899e-13
-0.2 3.1 3.056943896e-13
-0.1 3.1 1.087243067e-13
0 3.1 3.519049802e-14
0.1 3.1 1.046878453e-14
0.2 3.1 2.972694534e-15
0.3 3.1 9.192479105e-16
0.4 3.1 4.093876527e-16
0.5 3.1 2.926425808e-16
0.6 3.1 2.653462853e-16
0.7 3.1 2.554296796e-16
0.8 3.1 2.472329559e-16
0.9 3.1 2.372156441e-16
1 3.1 2.253351611e-16
1.1 3.1 2.115920472e-16
1.2 3.1 1.967292817e-16
1.3 3.1 1.814884384e-16
1.4 3.1 1.665832527e-16
1.5 3.1 1.526329692e-16
1.6 3.1 1.399627332e-16
1.7 3.1 1.284962264e-16
1.8 3.1 1.183765631e-16
1.9 3.1 1.089819437e-16
2 3.1 9.978839328e-17
2.1 3.1 9.013676654e-17
2.2 3.1 7.976012685e-17
2.3 3.1 6.932689993e-17
2.4 3.1 5.950905096e-17
2.5 3.1 5.021765802e-17
2.6 3.1 4.14339951e-17
2.7 3.1 3.332206648e-17
2.8 3.1 2.59098575e-17
2.9 3.1 1.91255607e-17
3 3.1 1.223109159e-17
3.1 3.1 5.017773742e-18
3.2 3.1 0

-3.2 3.2 0
-3.1 3.2 0
-3 3.2 0
-2.9 3.2 0
-2.8 3.2 1.060373792e-17
-2.7 3.2 7.061264744e-17
-2.6 3.2 3.179913942e-16
-2.5 3.2 1.239194577e-15
-2.4 3.2 4.337278986e-15
-2.3 3.2 1.371627854e-14
-2.2 3.2 3.923617206e-14
-2.1 3.2 1.015511541e-13
-2 3.2 2.378295873e-13
-1.9 3.2 5.040167134e-13
-1.8 3.2 9.665702819e-13
-1.7 3.2 1.677422651e-12
-1.6 3.2 2.634415684e-12
-1.5 3.2 3.74431648e-12
-1.4 3.2 4.816400832e-12
-1.3 3.2 5.607274436e-12
-1.2 3.2 5.90853174e-12
-1.1 3.2 5.635439596e-12
-1 3.2 4.865429801e-12
-0.9 3.2 3.802663328e-12
-0.8 3.2 2.690666625e-12
-0.7 3.2 1.723750975e-12
-0.6 3.2 9.999459305e-13
-0.5 3.2 5.253194039e-13
-0.4 3.2 2.499765215e-13
-0.3 3.2 1.077845794e-13
-0.2 3.2 4.21459554e-14
-0.1 3.2 1.498135955e-14
0 3.2 4.881284501e-15
0.1 3.2 1.502451744e-15
0.2 3.2 4.847128587e-16
0.3 3.2 2.08544151e-16
0.4 3.2 1.408770058e-16
0.5 3.2 1.252800356e-16
0.6 3.2 1.207190423e-16
0.7 3.2 1.174529441e-16
0.8 3.2 1.135176686e-16
0.9 3.2 1.086123602e-16
1 3.2 1.029312938e-16
1.1 3.2 9.667490355e-17
1.2 3.2 9.015515866e-17
1.3 3.2 8.362079113e-17
1.4 3.2 7.710816964e-17
1.5 3.2 7.110796871e-17
1.6 3.2 6.532373173e-17
1.7 3.2 5.96873484e-17
1.8 3.2 5.419188921e-17
1.9 3.2 4.879705212e-17
2 3.2 4.339183488e-17
2.1 3.2 3.798400779e-17
2.2 3.2 3.278163023e-17
2.3 3.2 2.795826961e-17
2.4 3.2 2.357397352e-17
2.5 3.2 1.95403068e-17
2.6 3.2 1.594410233e-17
2.7 3.2 1.267422165e-17
2.8 3.2 9.579104977e-18
2.9 3.2 6.320192824e-18
3 3.2 2.893783714e-18
3.1 3.2 0
3.2 3.2 0
